company_number,company_name,ultimate_number,ultimate_name,levels,stopped_because,chain,source
00023307,Diageo,00023307,Diageo,0,none,,https://find-and-update.company-information.service.gov.uk/company/00023307/persons-with-significant-control
00031114,ADNAMS PLC,00031114,ADNAMS PLC,0,none,,https://find-and-update.company-information.service.gov.uk/company/00031114/persons-with-significant-control
00074809,GLENBURGIE DISTILLERY LIMITED,,Pernod Ricard Sa,5,foreign parent: Pernod Ricard Sa,00074809:GLENBURGIE DISTILLERY LIMITED -> 00703977:Allied Domecq Spirits & Wine Limited | 00703977:Allied Domecq Spirits & Wine Limited -> SC268758:Chivas Brothers Limited | SC268758:Chivas Brothers Limited -> 02869879:Allied Domecq Spirits & Wine Holdings Limited | 02869879:Allied Domecq Spirits & Wine Holdings Limited -> SC331555:Chivas Holdings (Ip) Limited | SC331555:Chivas Holdings (Ip) Limited -> joint -> :Pernod Ricard Sa,https://find-and-update.company-information.service.gov.uk/company/00074809/persons-with-significant-control
00547325,ALCOHOLS LIMITED,00727228,W.H.Palmer & Co. (Industries) Limited,1,none,00547325:ALCOHOLS LIMITED -> 00727228:W.H.Palmer & Co. (Industries) Limited,https://find-and-update.company-information.service.gov.uk/company/00547325/persons-with-significant-control
00613551,JOHN DEWAR AND SONS LIMITED,00366786,Bacardi U.K. Limited,1,none,00613551:JOHN DEWAR AND SONS LIMITED -> 00366786:Bacardi U.K. Limited,https://find-and-update.company-information.service.gov.uk/company/00613551/persons-with-significant-control
01595703,GLEN TURNER COMPANY LIMITED,01595703,GLEN TURNER COMPANY LIMITED,0,individual,,https://find-and-update.company-information.service.gov.uk/company/01595703/persons-with-significant-control
02202176,CAPTAIN COOK LIMITED,,St. Martins Finance Limited,0,foreign parent: St. Martins Finance Limited (),,https://find-and-update.company-information.service.gov.uk/company/02202176/persons-with-significant-control
03289012,THAMES DISTILLERS LIMITED,00470272,A E Chapman & Son Ltd,1,individual,03289012:THAMES DISTILLERS LIMITED -> 00470272:A E Chapman & Son Ltd,https://find-and-update.company-information.service.gov.uk/company/03289012/persons-with-significant-control
03620949,THE WELSH WHISKY COMPANY LIMITED,03620949,THE WELSH WHISKY COMPANY LIMITED,0,individual,,https://find-and-update.company-information.service.gov.uk/company/03620949/persons-with-significant-control
05512270,CASTLETOWN LIMITED,05512270,CASTLETOWN LIMITED,0,individual,,https://find-and-update.company-information.service.gov.uk/company/05512270/persons-with-significant-control
05586226,BANKHALL LIMITED,03512725,World Property Services Limited,1,individual,05586226:BANKHALL LIMITED -> 03512725:World Property Services Limited,https://find-and-update.company-information.service.gov.uk/company/05586226/persons-with-significant-control
05591988,BEAM SUNTORY UK LIMITED,05608446,Beam Suntory Uk Holdings Limited,1,none,05591988:BEAM SUNTORY UK LIMITED -> 05608446:Beam Suntory Uk Holdings Limited,https://find-and-update.company-information.service.gov.uk/company/05591988/persons-with-significant-control
05752521,COPPER POT LTD,05752521,COPPER POT LTD,0,individual,,https://find-and-update.company-information.service.gov.uk/company/05752521/persons-with-significant-control
05997034,WINCHESTER DISTILLERY LIMITED,05997034,WINCHESTER DISTILLERY LIMITED,0,individual,,https://find-and-update.company-information.service.gov.uk/company/05997034/persons-with-significant-control
06373864,SIPSMITH LIMITED,10322915,Suntory Uk Holdings Limited,1,none,06373864:SIPSMITH LIMITED -> 10322915:Suntory Uk Holdings Limited,https://find-and-update.company-information.service.gov.uk/company/06373864/persons-with-significant-control
06736350,BLACK FRIARS DISTILLERY LIMITED,,Pernod Ricard Sa,2,foreign parent: Pernod Ricard Sa,06736350:BLACK FRIARS DISTILLERY LIMITED -> SC331555:Chivas Holdings (Ip) Limited | SC331555:Chivas Holdings (Ip) Limited -> joint -> :Pernod Ricard Sa,https://find-and-update.company-information.service.gov.uk/company/06736350/persons-with-significant-control
07515908,BIMBER DISTILLERY LTD,07515908,BIMBER DISTILLERY LTD,0,individual,,https://find-and-update.company-information.service.gov.uk/company/07515908/persons-with-significant-control
07604280,G&J DISTILLERS LTD.,07604265,Quintessential Brands Uk Holdings Limited,2,individual,07604280:G&J DISTILLERS LTD. -> 07604275:Quintessential Brands Uk Group Limited | 07604275:Quintessential Brands Uk Group Limited -> 07604265:Quintessential Brands Uk Holdings Limited,https://find-and-update.company-information.service.gov.uk/company/07604280/persons-with-significant-control
07688037,CAMBRIDGE DISTILLERY LTD,07688037,CAMBRIDGE DISTILLERY LTD,0,individual,,https://find-and-update.company-information.service.gov.uk/company/07688037/persons-with-significant-control
07769363,THE LAKES DISTILLERY COMPANY LIMITED,15281873,Nyetimber Wines And Spirits Group Limited,1,individual,07769363:THE LAKES DISTILLERY COMPANY LIMITED -> 15281873:Nyetimber Wines And Spirits Group Limited,https://find-and-update.company-information.service.gov.uk/company/07769363/persons-with-significant-control
07881791,AURORA BREWING LIMITED,,Orbitus Trustees (Guernsey) Limited,0,foreign parent: Orbitus Trustees (Guernsey) Limited (Guernsey Guernsey),,https://find-and-update.company-information.service.gov.uk/company/07881791/persons-with-significant-control
08021995,Jackton distillery,SC894346,Jackton Group Limited,1,individual,08021995:Jackton distillery -> SC894346:Jackton Group Limited,https://find-and-update.company-information.service.gov.uk/company/08021995/persons-with-significant-control
08039849,THE FUZZY DUCK DISTILLERY LTD,08039849,THE FUZZY DUCK DISTILLERY LTD,0,none,,https://find-and-update.company-information.service.gov.uk/company/08039849/persons-with-significant-control
08073174,WARNER'S DISTILLERY LIMITED,01595703,Glen Turner Company Limited,1,individual,08073174:WARNER'S DISTILLERY LIMITED -> 01595703:Glen Turner Company Limited,https://find-and-update.company-information.service.gov.uk/company/08073174/persons-with-significant-control
08182937,SPIRIT OF YORKSHIRE LIMITED,08182937,SPIRIT OF YORKSHIRE LIMITED,0,individual,,https://find-and-update.company-information.service.gov.uk/company/08182937/persons-with-significant-control
08230959,SOUTHWESTERN DISTILLERY LIMITED,13365238,Leadbetter Holdings Limited,1,individual,08230959:SOUTHWESTERN DISTILLERY LIMITED -> 13365238:Leadbetter Holdings Limited,https://find-and-update.company-information.service.gov.uk/company/08230959/persons-with-significant-control
08300207,OXFORD ARTISAN DISTILLERY LIMITED,16914770,Fielden Limited,2,individual,08300207:OXFORD ARTISAN DISTILLERY LIMITED -> 09804220:Still On The Hill Limited | 09804220:Still On The Hill Limited -> 16914770:Fielden Limited,https://find-and-update.company-information.service.gov.uk/company/08300207/persons-with-significant-control
08338383,DEVON DISTILLERY LIMITED,16239761,Aboris Group Ltd,1,individual,08338383:DEVON DISTILLERY LIMITED -> 16239761:Aboris Group Ltd,https://find-and-update.company-information.service.gov.uk/company/08338383/persons-with-significant-control
08443976,LOCKSLEY DISTILLING COMPANY LIMITED,08443976,LOCKSLEY DISTILLING COMPANY LIMITED,0,individual,,https://find-and-update.company-information.service.gov.uk/company/08443976/persons-with-significant-control
08573236,THE BOATYARD DISTILLERY LTD,08573236,THE BOATYARD DISTILLERY LTD,0,none,,https://find-and-update.company-information.service.gov.uk/company/08573236/persons-with-significant-control
08617161,LOCH LOMOND DISTILLERY COMPANY LIMITED,,Llg Topco Limited,3,foreign parent: Llg Topco Limited (),08617161:LOCH LOMOND DISTILLERY COMPANY LIMITED -> 08617146:The Littlemill Distillery Company Limited | 08617146:The Littlemill Distillery Company Limited -> 08617163:Loch Lomond Holdings 1 Limited | 08617163:Loch Lomond Holdings 1 Limited -> 12012075:Llg Bidco Limited,https://find-and-update.company-information.service.gov.uk/company/08617161/persons-with-significant-control
08617165,GLEN SCOTIA DISTILLERY COMPANY LIMITED,,Llg Topco Limited,4,foreign parent: Llg Topco Limited (),08617165:GLEN SCOTIA DISTILLERY COMPANY LIMITED -> 08617161:Loch Lomond Distillery Company Limited | 08617161:Loch Lomond Distillery Company Limited -> 08617146:The Littlemill Distillery Company Limited | 08617146:The Littlemill Distillery Company Limited -> 08617163:Loch Lomond Holdings 1 Limited | 08617163:Loch Lomond Holdings 1 Limited -> 12012075:Llg Bidco Limited,https://find-and-update.company-information.service.gov.uk/company/08617165/persons-with-significant-control
08724654,DRAGON SLAYER DISTILLERY LIMITED,08724654,DRAGON SLAYER DISTILLERY LIMITED,0,individual,,https://find-and-update.company-information.service.gov.uk/company/08724654/persons-with-significant-control
08745923,DARTMOOR DISTILLERY LIMITED,08745923,DARTMOOR DISTILLERY LIMITED,0,none,,https://find-and-update.company-information.service.gov.uk/company/08745923/persons-with-significant-control
08762472,SIBLING DISTILLERY LIMITED,08762472,SIBLING DISTILLERY LIMITED,0,individual,,https://find-and-update.company-information.service.gov.uk/company/08762472/persons-with-significant-control
08785558,TREVETHAN DISTILLERY LTD,08785558,TREVETHAN DISTILLERY LTD,0,individual,,https://find-and-update.company-information.service.gov.uk/company/08785558/persons-with-significant-control
08983113,NETHERGATE BREWERY CO LTD,08983113,NETHERGATE BREWERY CO LTD,0,individual,,https://find-and-update.company-information.service.gov.uk/company/08983113/persons-with-significant-control
09040283,ISLE OF WIGHT DISTILLERY LTD,,"Mermaid Global, Llc",1,"foreign parent: Mermaid Global, Llc (Delaware United States)",09040283:ISLE OF WIGHT DISTILLERY LTD -> 16349911:Mermaid Ventures (Investments) Ltd,https://find-and-update.company-information.service.gov.uk/company/09040283/persons-with-significant-control
09347341,BLADNOCH DISTILLERY LIMITED,09347341,BLADNOCH DISTILLERY LIMITED,0,individual,,https://find-and-update.company-information.service.gov.uk/company/09347341/persons-with-significant-control
09544884,FOREST DISTILLERY LTD,09544884,FOREST DISTILLERY LTD,0,individual,,https://find-and-update.company-information.service.gov.uk/company/09544884/persons-with-significant-control
09584544,TORS DISTILLERY LIMITED,09584544,TORS DISTILLERY LIMITED,0,individual,,https://find-and-update.company-information.service.gov.uk/company/09584544/persons-with-significant-control
09609813,DISTILLERS DIRECT LTD,09609813,DISTILLERS DIRECT LTD,0,individual,,https://find-and-update.company-information.service.gov.uk/company/09609813/persons-with-significant-control
09658841,SHAKESPEARE DISTILLERY LIMITED,09658841,SHAKESPEARE DISTILLERY LIMITED,0,individual,,https://find-and-update.company-information.service.gov.uk/company/09658841/persons-with-significant-control
09676373,HENSTONE DISTILLERY LIMITED,,Ubuntu Business Holdings Ltd,0,foreign parent: Ubuntu Business Holdings Ltd (),,https://find-and-update.company-information.service.gov.uk/company/09676373/persons-with-significant-control
09688773,GREENSAND RIDGE LIMITED,09688773,GREENSAND RIDGE LIMITED,0,individual,,https://find-and-update.company-information.service.gov.uk/company/09688773/persons-with-significant-control
09718673,DYFI DISTILLERY LTD,09718673,DYFI DISTILLERY LTD,0,individual,,https://find-and-update.company-information.service.gov.uk/company/09718673/persons-with-significant-control
09894852,THE BIG HILL DISTILLERY LIMITED,09894852,THE BIG HILL DISTILLERY LIMITED,0,individual,,https://find-and-update.company-information.service.gov.uk/company/09894852/persons-with-significant-control
09909352,DOGHOUSE DISTILLERY LIMITED,09909352,DOGHOUSE DISTILLERY LIMITED,0,individual,,https://find-and-update.company-information.service.gov.uk/company/09909352/persons-with-significant-control
09934327,THE SUFFOLK DISTILLERY LIMITED,09934327,THE SUFFOLK DISTILLERY LIMITED,0,individual,,https://find-and-update.company-information.service.gov.uk/company/09934327/persons-with-significant-control
09951593,THE CORNISH DISTILLING COMPANY LTD,09951593,THE CORNISH DISTILLING COMPANY LTD,0,none,,https://find-and-update.company-information.service.gov.uk/company/09951593/persons-with-significant-control
10037294,ARCHANGEL DISTILLERIES LTD,10037294,ARCHANGEL DISTILLERIES LTD,0,individual,,https://find-and-update.company-information.service.gov.uk/company/10037294/persons-with-significant-control
10088389,CROSSBILL LTD,10088389,CROSSBILL LTD,0,individual,,https://find-and-update.company-information.service.gov.uk/company/10088389/persons-with-significant-control
10098181,WHITE PEAK DISTILLERY LIMITED,10144120,The Peak District Distilling Company Limited,1,individual,10098181:WHITE PEAK DISTILLERY LIMITED -> 10144120:The Peak District Distilling Company Limited,https://find-and-update.company-information.service.gov.uk/company/10098181/persons-with-significant-control
10111242,YORKSHIRE DALES DISTILLERY LTD,10111242,YORKSHIRE DALES DISTILLERY LTD,0,individual,,https://find-and-update.company-information.service.gov.uk/company/10111242/persons-with-significant-control
10135055,COOPER KING DISTILLERY LTD,10135055,COOPER KING DISTILLERY LTD,0,individual,,https://find-and-update.company-information.service.gov.uk/company/10135055/persons-with-significant-control
10324904,TWISTED ROOTS DISTILLERY LTD,10324904,TWISTED ROOTS DISTILLERY LTD,0,individual,,https://find-and-update.company-information.service.gov.uk/company/10324904/persons-with-significant-control
10337975,THE CAT & FIDDLE LIMITED,,Double A Group Trading Limited,0,foreign parent: Double A Group Trading Limited (),,https://find-and-update.company-information.service.gov.uk/company/10337975/persons-with-significant-control
10389603,DISTILLERS OF SURREY LIMITED,10389603,DISTILLERS OF SURREY LIMITED,0,individual,,https://find-and-update.company-information.service.gov.uk/company/10389603/persons-with-significant-control
10420949,SECOND SON DISTILLERY LIMITED,10420949,SECOND SON DISTILLERY LIMITED,0,individual,,https://find-and-update.company-information.service.gov.uk/company/10420949/persons-with-significant-control
10453120,KETTLESING DISTILLING COMPANY LIMITED,10453120,KETTLESING DISTILLING COMPANY LIMITED,0,individual,,https://find-and-update.company-information.service.gov.uk/company/10453120/persons-with-significant-control
10638119,THE CRAFT DISTILLING BUSINESS LIMITED,10638119,THE CRAFT DISTILLING BUSINESS LIMITED,0,individual,,https://find-and-update.company-information.service.gov.uk/company/10638119/persons-with-significant-control
10638872,THE BRISTOL DISTILLING COMPANY LTD,10638872,THE BRISTOL DISTILLING COMPANY LTD,0,individual,,https://find-and-update.company-information.service.gov.uk/company/10638872/persons-with-significant-control
10647576,LIVERPOOL GIN DISTILLERY LIMITED,03699814,Halewood Artisanal Spirits Plc,3,individual,10647576:LIVERPOOL GIN DISTILLERY LIMITED -> 03920410:Halewood Artisanal Spirits (Uk) Limited | 03920410:Halewood Artisanal Spirits (Uk) Limited -> 03374741:Halewood International Holdings (Uk) Limited | 03374741:Halewood International Holdings (Uk) Limited -> 03699814:Halewood Artisanal Spirits Plc,https://find-and-update.company-information.service.gov.uk/company/10647576/persons-with-significant-control
10658449,SHEFFIELD DISTILLERY LIMITED,10658449,SHEFFIELD DISTILLERY LIMITED,0,individual,,https://find-and-update.company-information.service.gov.uk/company/10658449/persons-with-significant-control
10688895,THE DARTMOUTH DISTILLERY COMPANY LIMITED,10688895,THE DARTMOUTH DISTILLERY COMPANY LIMITED,0,individual,,https://find-and-update.company-information.service.gov.uk/company/10688895/persons-with-significant-control
10692126,MADAME JENNIFER DISTILLERY LIMITED,10692126,MADAME JENNIFER DISTILLERY LIMITED,0,individual,,https://find-and-update.company-information.service.gov.uk/company/10692126/persons-with-significant-control
10714499,BOND STREET DISTILLERY LTD.,10714499,BOND STREET DISTILLERY LTD.,0,individual,,https://find-and-update.company-information.service.gov.uk/company/10714499/persons-with-significant-control
10743593,COASTAL DISTILLERY LIMITED,10743593,COASTAL DISTILLERY LIMITED,0,individual,,https://find-and-update.company-information.service.gov.uk/company/10743593/persons-with-significant-control
10750007,THE LINCOLN DISTILLERY LIMITED,10750007,THE LINCOLN DISTILLERY LIMITED,0,individual,,https://find-and-update.company-information.service.gov.uk/company/10750007/persons-with-significant-control
10842166,ABER FALLS DISTILLERY LIMITED,10842166,ABER FALLS DISTILLERY LIMITED,0,individual,,https://find-and-update.company-information.service.gov.uk/company/10842166/persons-with-significant-control
10847062,SPIRIT OF MANCHESTER DISTILLERY LIMITED,10847062,SPIRIT OF MANCHESTER DISTILLERY LIMITED,0,individual,,https://find-and-update.company-information.service.gov.uk/company/10847062/persons-with-significant-control
10871366,HARLEY HOUSE DISTILLERY LTD,10871366,HARLEY HOUSE DISTILLERY LTD,0,individual,,https://find-and-update.company-information.service.gov.uk/company/10871366/persons-with-significant-control
10904773,CHALGROVE ARTISAN DISTILLERY LIMITED,10904773,CHALGROVE ARTISAN DISTILLERY LIMITED,0,individual,,https://find-and-update.company-information.service.gov.uk/company/10904773/persons-with-significant-control
10946189,DOWNTON DISTILLERY LIMITED,10946189,DOWNTON DISTILLERY LIMITED,0,individual,,https://find-and-update.company-information.service.gov.uk/company/10946189/persons-with-significant-control
10989129,WHITBY DISTILLERY LIMITED,10989129,WHITBY DISTILLERY LIMITED,0,individual,,https://find-and-update.company-information.service.gov.uk/company/10989129/persons-with-significant-control
11012871,HEART OF SUFFOLK DISTILLERY LIMITED,10109031,T Mills Financial Limited,1,individual,11012871:HEART OF SUFFOLK DISTILLERY LIMITED -> 10109031:T Mills Financial Limited,https://find-and-update.company-information.service.gov.uk/company/11012871/persons-with-significant-control
11022607,PISTON DISTILLERY LIMITED,11022607,PISTON DISTILLERY LIMITED,0,individual,,https://find-and-update.company-information.service.gov.uk/company/11022607/persons-with-significant-control
11032164,BRINDLE DISTILLERY LIMITED,11024965,Brindle Holdings Limited,1,individual,11032164:BRINDLE DISTILLERY LIMITED -> 11024965:Brindle Holdings Limited,https://find-and-update.company-information.service.gov.uk/company/11032164/persons-with-significant-control
11092489,EXMOOR DISTILLERY LTD,11092489,EXMOOR DISTILLERY LTD,0,individual,,https://find-and-update.company-information.service.gov.uk/company/11092489/persons-with-significant-control
11118720,WHATAHOOT LTD,11118720,WHATAHOOT LTD,0,individual,,https://find-and-update.company-information.service.gov.uk/company/11118720/persons-with-significant-control
11136564,AM DISTILLING LTD,11136564,AM DISTILLING LTD,0,individual,,https://find-and-update.company-information.service.gov.uk/company/11136564/persons-with-significant-control
11142768,THE SHROPSHIRE DISTILLERY LIMITED,11142768,THE SHROPSHIRE DISTILLERY LIMITED,0,individual,,https://find-and-update.company-information.service.gov.uk/company/11142768/persons-with-significant-control
11194548,WREKIN SPIRIT LIMITED,11194548,WREKIN SPIRIT LIMITED,0,individual,,https://find-and-update.company-information.service.gov.uk/company/11194548/persons-with-significant-control
11333421,HAWKRIDGE DISTILLERS LTD,11333421,HAWKRIDGE DISTILLERS LTD,0,individual,,https://find-and-update.company-information.service.gov.uk/company/11333421/persons-with-significant-control
11357680,TWO DRIFTERS DISTILLERY LTD,11357680,TWO DRIFTERS DISTILLERY LTD,0,individual,,https://find-and-update.company-information.service.gov.uk/company/11357680/persons-with-significant-control
11408756,LLANFAIRPWLL DISTILLERY LTD,11408756,LLANFAIRPWLL DISTILLERY LTD,0,individual,,https://find-and-update.company-information.service.gov.uk/company/11408756/persons-with-significant-control
11447469,THE PORTSMOUTH DISTILLERY COMPANY LIMITED,05368576,Rapid Response Solutions Holdings Limited,2,individual,11447469:THE PORTSMOUTH DISTILLERY COMPANY LIMITED -> 09756868:The Rum Club Ltd | 09756868:The Rum Club Ltd -> 05368576:Rapid Response Solutions Holdings Limited,https://find-and-update.company-information.service.gov.uk/company/11447469/persons-with-significant-control
11465337,THE VILLAGE SPIRIT COLLECTIVE LTD,11465337,THE VILLAGE SPIRIT COLLECTIVE LTD,0,individual,,https://find-and-update.company-information.service.gov.uk/company/11465337/persons-with-significant-control
11498761,THE MAIDSTONE DISTILLERY LTD,11498761,THE MAIDSTONE DISTILLERY LTD,0,individual,,https://find-and-update.company-information.service.gov.uk/company/11498761/persons-with-significant-control
11520689,MOTHER'S RUIN 1751 DISTILLING COMPANY LTD,11520689,MOTHER'S RUIN 1751 DISTILLING COMPANY LTD,0,individual,,https://find-and-update.company-information.service.gov.uk/company/11520689/persons-with-significant-control
11549522,WALNUT TREE DISTILLERY LTD,11549522,WALNUT TREE DISTILLERY LTD,0,individual,,https://find-and-update.company-information.service.gov.uk/company/11549522/persons-with-significant-control
11565326,THE BOUTIQUE DISTILLERY LTD,11565326,THE BOUTIQUE DISTILLERY LTD,0,individual,,https://find-and-update.company-information.service.gov.uk/company/11565326/persons-with-significant-control
11588936,YARM DISTILLERY LTD,11588936,YARM DISTILLERY LTD,0,individual,,https://find-and-update.company-information.service.gov.uk/company/11588936/persons-with-significant-control
11597200,DAISY DISTILLERY LIMITED,11597200,DAISY DISTILLERY LIMITED,0,individual,,https://find-and-update.company-information.service.gov.uk/company/11597200/persons-with-significant-control
11608515,EALING DISTILLERY LTD,11608515,EALING DISTILLERY LTD,0,individual,,https://find-and-update.company-information.service.gov.uk/company/11608515/persons-with-significant-control
11634068,HAY DISTILLERY LTD,11634068,HAY DISTILLERY LTD,0,individual,,https://find-and-update.company-information.service.gov.uk/company/11634068/persons-with-significant-control
11660543,STOCKPORT GIN LTD,11660543,STOCKPORT GIN LTD,0,individual,,https://find-and-update.company-information.service.gov.uk/company/11660543/persons-with-significant-control
11672665,SKYLARK DISTILLERY LTD,11672665,SKYLARK DISTILLERY LTD,0,individual,,https://find-and-update.company-information.service.gov.uk/company/11672665/persons-with-significant-control
11700852,SILVER CIRCLE DISTILLERY LIMITED,11700852,SILVER CIRCLE DISTILLERY LIMITED,0,individual,,https://find-and-update.company-information.service.gov.uk/company/11700852/persons-with-significant-control
11703487,INVOKE DISTILLERY LTD,11703487,INVOKE DISTILLERY LTD,0,individual,,https://find-and-update.company-information.service.gov.uk/company/11703487/persons-with-significant-control
11729137,AD GEFRIN DISTILLERY LIMITED,11729137,AD GEFRIN DISTILLERY LIMITED,0,individual,,https://find-and-update.company-information.service.gov.uk/company/11729137/persons-with-significant-control
11739432,HOME FARM GIN LIMITED,11739432,HOME FARM GIN LIMITED,0,individual,,https://find-and-update.company-information.service.gov.uk/company/11739432/persons-with-significant-control
11755094,SOMERSET DISTILLERY LIMITED,06522206,Cheddar Ales Limited,1,individual,11755094:SOMERSET DISTILLERY LIMITED -> 06522206:Cheddar Ales Limited,https://find-and-update.company-information.service.gov.uk/company/11755094/persons-with-significant-control
11766925,PORTHILLY SPIRIT DISTILLERY LIMITED,07641698,West Eleven Limited,1,individual,11766925:PORTHILLY SPIRIT DISTILLERY LIMITED -> 07641698:West Eleven Limited,https://find-and-update.company-information.service.gov.uk/company/11766925/persons-with-significant-control
11774118,RED DISTILLERY LIMITED,12986662,Real English Drinks Group Ltd,1,individual,11774118:RED DISTILLERY LIMITED -> 12986662:Real English Drinks Group Ltd,https://find-and-update.company-information.service.gov.uk/company/11774118/persons-with-significant-control
11780136,ABINGDON DISTILLERY LIMITED,11780136,ABINGDON DISTILLERY LIMITED,0,individual,,https://find-and-update.company-information.service.gov.uk/company/11780136/persons-with-significant-control
11785381,WL DISTILLERY LTD,11785381,WL DISTILLERY LTD,0,individual,,https://find-and-update.company-information.service.gov.uk/company/11785381/persons-with-significant-control
11800943,WEST MIDLANDS DISTILLERY LIMITED,11800943,WEST MIDLANDS DISTILLERY LIMITED,0,individual,,https://find-and-update.company-information.service.gov.uk/company/11800943/persons-with-significant-control
11896006,CARDIFF DISTILLERY LTD,,Cardiff Holdings Ltd,0,foreign parent: Cardiff Holdings Ltd (),,https://find-and-update.company-information.service.gov.uk/company/11896006/persons-with-significant-control
11978714,EAST COAST DISTILLERY LTD,11978714,EAST COAST DISTILLERY LTD,0,individual,,https://find-and-update.company-information.service.gov.uk/company/11978714/persons-with-significant-control
12018725,HOGMOOR DISTILLERY LTD,12018725,HOGMOOR DISTILLERY LTD,0,individual,,https://find-and-update.company-information.service.gov.uk/company/12018725/persons-with-significant-control
12026956,WHITE HARE DISTILLERY LTD,12026956,WHITE HARE DISTILLERY LTD,0,individual,,https://find-and-update.company-information.service.gov.uk/company/12026956/persons-with-significant-control
12030242,THREE WHEEL GIN COMPANY LTD,12030242,THREE WHEEL GIN COMPANY LTD,0,individual,,https://find-and-update.company-information.service.gov.uk/company/12030242/persons-with-significant-control
12045127,RETRIBUTION DISTILLING COMPANY LIMITED,12045127,RETRIBUTION DISTILLING COMPANY LIMITED,0,individual,,https://find-and-update.company-information.service.gov.uk/company/12045127/persons-with-significant-control
12135676,THE DISTILLERY BOX LTD,12135676,THE DISTILLERY BOX LTD,0,individual,,https://find-and-update.company-information.service.gov.uk/company/12135676/persons-with-significant-control
12141079,WORTHING GIN LIMITED,12141079,WORTHING GIN LIMITED,0,individual,,https://find-and-update.company-information.service.gov.uk/company/12141079/persons-with-significant-control
12147226,VINTERSOL DISTILLERY LTD,12147226,VINTERSOL DISTILLERY LTD,0,individual,,https://find-and-update.company-information.service.gov.uk/company/12147226/persons-with-significant-control
12259043,THE ELSHAM WOLD DISTILLERY LTD,12259043,THE ELSHAM WOLD DISTILLERY LTD,0,individual,,https://find-and-update.company-information.service.gov.uk/company/12259043/persons-with-significant-control
12323483,SPIRIT OF BIRMINGHAM LIMITED,12323483,SPIRIT OF BIRMINGHAM LIMITED,0,individual,,https://find-and-update.company-information.service.gov.uk/company/12323483/persons-with-significant-control
12346887,LAZYDOG DISTILLERY LTD,12346887,LAZYDOG DISTILLERY LTD,0,individual,,https://find-and-update.company-information.service.gov.uk/company/12346887/persons-with-significant-control
12381925,HAWKINS DISTILLERY LTD,12381925,HAWKINS DISTILLERY LTD,0,individual,,https://find-and-update.company-information.service.gov.uk/company/12381925/persons-with-significant-control
12385157,THE HENLEY DISTILLERY LIMITED,12385157,THE HENLEY DISTILLERY LIMITED,0,individual,,https://find-and-update.company-information.service.gov.uk/company/12385157/persons-with-significant-control
12440068,EAST CHASE DISTILLERIES LTD,12440068,EAST CHASE DISTILLERIES LTD,0,individual,,https://find-and-update.company-information.service.gov.uk/company/12440068/persons-with-significant-control
12442737,MOONSHINE & FUGGLES LTD,12442737,MOONSHINE & FUGGLES LTD,0,individual,,https://find-and-update.company-information.service.gov.uk/company/12442737/persons-with-significant-control
12444037,THE RUDDY FINE DISTILLERY LTD,12444037,THE RUDDY FINE DISTILLERY LTD,0,individual,,https://find-and-update.company-information.service.gov.uk/company/12444037/persons-with-significant-control
12468146,TEN HIDES DISTILLERY LTD,12468146,TEN HIDES DISTILLERY LTD,0,individual,,https://find-and-update.company-information.service.gov.uk/company/12468146/persons-with-significant-control
12512156,CHEW VALLEY DISTILLERY LTD,12512156,CHEW VALLEY DISTILLERY LTD,0,individual,,https://find-and-update.company-information.service.gov.uk/company/12512156/persons-with-significant-control
12646736,BATTS HILL DISTILLERS LTD,12646736,BATTS HILL DISTILLERS LTD,0,individual,,https://find-and-update.company-information.service.gov.uk/company/12646736/persons-with-significant-control
12678812,STEEPLECHASE DISTILLERY LIMITED,12678812,STEEPLECHASE DISTILLERY LIMITED,0,individual,,https://find-and-update.company-information.service.gov.uk/company/12678812/persons-with-significant-control
12778931,MYRDDINS BREWERY AND DISTILLERY LTD,12778931,MYRDDINS BREWERY AND DISTILLERY LTD,0,individual,,https://find-and-update.company-information.service.gov.uk/company/12778931/persons-with-significant-control
12819461,MOUNTS BAY DISTILLERY LIMITED,12819461,MOUNTS BAY DISTILLERY LIMITED,0,individual,,https://find-and-update.company-information.service.gov.uk/company/12819461/persons-with-significant-control
12821918,TREGUDDICK LIMITED,12821918,TREGUDDICK LIMITED,0,individual,,https://find-and-update.company-information.service.gov.uk/company/12821918/persons-with-significant-control
12827963,KODOKO GURKHA DISTILLERY LIMITED,12827963,KODOKO GURKHA DISTILLERY LIMITED,0,individual,,https://find-and-update.company-information.service.gov.uk/company/12827963/persons-with-significant-control
12937552,ELLERS FARM DISTILLERY LIMITED,12424739,888 Beverages Ltd,1,individual,12937552:ELLERS FARM DISTILLERY LIMITED -> 12424739:888 Beverages Ltd,https://find-and-update.company-information.service.gov.uk/company/12937552/persons-with-significant-control
12986165,SPIRIT OF WALES LTD,12986165,SPIRIT OF WALES LTD,0,individual,,https://find-and-update.company-information.service.gov.uk/company/12986165/persons-with-significant-control
13037118,TACK ROOM DISTILLERY LTD,13037118,TACK ROOM DISTILLERY LTD,0,individual,,https://find-and-update.company-information.service.gov.uk/company/13037118/persons-with-significant-control
13064049,FAIRHAM LTD,13064049,FAIRHAM LTD,0,individual,,https://find-and-update.company-information.service.gov.uk/company/13064049/persons-with-significant-control
13113085,TIPPLEMILL DISTILLERY LIMITED,13113085,TIPPLEMILL DISTILLERY LIMITED,0,individual,,https://find-and-update.company-information.service.gov.uk/company/13113085/persons-with-significant-control
13140486,THE CLEVEDON DISTILLERY LTD,13140486,THE CLEVEDON DISTILLERY LTD,0,individual,,https://find-and-update.company-information.service.gov.uk/company/13140486/persons-with-significant-control
13204340,THE GLOBAL DISTILLERY COMPANY LIMITED,13204340,THE GLOBAL DISTILLERY COMPANY LIMITED,0,individual,,https://find-and-update.company-information.service.gov.uk/company/13204340/persons-with-significant-control
13265079,WYLYE DISTILLERY LTD,13265079,WYLYE DISTILLERY LTD,0,individual,,https://find-and-update.company-information.service.gov.uk/company/13265079/persons-with-significant-control
13402532,VB DISTILLERY LTD,13402532,VB DISTILLERY LTD,0,individual,,https://find-and-update.company-information.service.gov.uk/company/13402532/persons-with-significant-control
13412102,PLEASANT LAND DISTILLERY LIMITED,13412102,PLEASANT LAND DISTILLERY LIMITED,0,individual,,https://find-and-update.company-information.service.gov.uk/company/13412102/persons-with-significant-control
13420485,DEDBEST DISTILLERY CO. LTD,13420485,DEDBEST DISTILLERY CO. LTD,0,individual,,https://find-and-update.company-information.service.gov.uk/company/13420485/persons-with-significant-control
13453999,NIGHTINGALE DISTILLERIES LTD,13453999,NIGHTINGALE DISTILLERIES LTD,0,individual,,https://find-and-update.company-information.service.gov.uk/company/13453999/persons-with-significant-control
13466178,MEADOW OAK DISTILLERY LTD,13466178,MEADOW OAK DISTILLERY LTD,0,individual,,https://find-and-update.company-information.service.gov.uk/company/13466178/persons-with-significant-control
13503745,FILEY DISTILLERY LTD,13503745,FILEY DISTILLERY LTD,0,individual,,https://find-and-update.company-information.service.gov.uk/company/13503745/persons-with-significant-control
13777471,THE WICSTUN DISTILLERY LTD,13777471,THE WICSTUN DISTILLERY LTD,0,individual,,https://find-and-update.company-information.service.gov.uk/company/13777471/persons-with-significant-control
13791049,THE FOLKESTONE DISTILLERY LTD,13791049,THE FOLKESTONE DISTILLERY LTD,0,individual,,https://find-and-update.company-information.service.gov.uk/company/13791049/persons-with-significant-control
13887739,ELEVENSES DISTILLERY LTD,13887739,ELEVENSES DISTILLERY LTD,0,individual,,https://find-and-update.company-information.service.gov.uk/company/13887739/persons-with-significant-control
13987586,BLACK CAT DISTILLERY LTD,13987586,BLACK CAT DISTILLERY LTD,0,individual,,https://find-and-update.company-information.service.gov.uk/company/13987586/persons-with-significant-control
14094115,SPIRIT OF THE DOWNS LTD,14094115,SPIRIT OF THE DOWNS LTD,0,individual,,https://find-and-update.company-information.service.gov.uk/company/14094115/persons-with-significant-control
14310355,PORTHCAWL DISTILLERY LIMITED,14310355,PORTHCAWL DISTILLERY LIMITED,0,individual,,https://find-and-update.company-information.service.gov.uk/company/14310355/persons-with-significant-control
NI053151,ECHLINVILLE DISTILLERY LIMITED,NI053151,ECHLINVILLE DISTILLERY LIMITED,0,individual,,https://find-and-update.company-information.service.gov.uk/company/NI053151/persons-with-significant-control
NI640001,HINCH DISTILLERY LIMITED,NI692048,Cross Ft Limited,3,individual,NI640001:HINCH DISTILLERY LIMITED -> NI651291:Hinch Distillery Holdings Limited | NI651291:Hinch Distillery Holdings Limited -> NI629892:Cross Family Group Holdings Limited | NI629892:Cross Family Group Holdings Limited -> NI692048:Cross Ft Limited,https://find-and-update.company-information.service.gov.uk/company/NI640001/persons-with-significant-control
NI644169,MOURNE DEW DISTILLERY LTD,NI644169,MOURNE DEW DISTILLERY LTD,0,individual,,https://find-and-update.company-information.service.gov.uk/company/NI644169/persons-with-significant-control
NI646707,KILLOWEN DISTILLERY LTD,NI646707,KILLOWEN DISTILLERY LTD,0,individual,,https://find-and-update.company-information.service.gov.uk/company/NI646707/persons-with-significant-control
NI656035,R&R DISTILLERY IRELAND LTD,NI656035,R&R DISTILLERY IRELAND LTD,0,individual,,https://find-and-update.company-information.service.gov.uk/company/NI656035/persons-with-significant-control
NI658872,WILD ATLANTIC DISTILLERY LTD,NI658872,WILD ATLANTIC DISTILLERY LTD,0,individual,,https://find-and-update.company-information.service.gov.uk/company/NI658872/persons-with-significant-control
NI674444,GLENWINNY LIMITED,NI674444,GLENWINNY LIMITED,0,individual,,https://find-and-update.company-information.service.gov.uk/company/NI674444/persons-with-significant-control
NI679519,DUNLUCE DISTILLERY LIMITED,NI679519,DUNLUCE DISTILLERY LIMITED,0,individual,,https://find-and-update.company-information.service.gov.uk/company/NI679519/persons-with-significant-control
NI680778,AN CARN DISTILLERY LTD,NI680778,AN CARN DISTILLERY LTD,0,individual,,https://find-and-update.company-information.service.gov.uk/company/NI680778/persons-with-significant-control
SC000750,DIAGEO SCOTLAND LIMITED,00023307,Diageo Plc,4,none,SC000750:DIAGEO SCOTLAND LIMITED -> 00507652:Diageo Great Britain Limited | 00507652:Diageo Great Britain Limited -> 00291848:Grand Metropolitan Limited | 00291848:Grand Metropolitan Limited -> 03623314:Diageo Holdings Limited | 03623314:Diageo Holdings Limited -> 00023307:Diageo Plc,https://find-and-update.company-information.service.gov.uk/company/SC000750/persons-with-significant-control
SC001491,THE NORTH BRITISH DISTILLERY COMPANY LIMITED,,Edrington Distillers Group Limited / Diageo Great Britain Limited,1,joint control: Edrington Distillers Group Limited / Diageo Great Britain Limited,SC001491:THE NORTH BRITISH DISTILLERY COMPANY LIMITED -> SC141866:Lothian Distillers Limited,https://find-and-update.company-information.service.gov.uk/company/SC001491/persons-with-significant-control
SC003582,"J. & A. MITCHELL AND COMPANY, LIMITED",SC003582,"J. & A. MITCHELL AND COMPANY, LIMITED",0,individual,,https://find-and-update.company-information.service.gov.uk/company/SC003582/persons-with-significant-control
SC014477,GLENDRONACH DISTILLERY COMPANY LIMITED,,Brown-Forman Corporation,2,foreign parent: Brown-Forman Corporation (United States Kentucky),SC014477:GLENDRONACH DISTILLERY COMPANY LIMITED -> SC258480:The Benriach Distillery Company Limited | SC258480:The Benriach Distillery Company Limited -> SC526282:Brown-Forman Scotland Limited,https://find-and-update.company-information.service.gov.uk/company/SC014477/persons-with-significant-control
SC019038,MACDONALD & MUIR LIMITED,,Lvmh Moet Hennessy Louis Vuitton Se,1,foreign parent: Lvmh Moet Hennessy Louis Vuitton Se (Rcs Paris France),SC019038:MACDONALD & MUIR LIMITED -> SC026752:The Glenmorangie Company Limited,https://find-and-update.company-information.service.gov.uk/company/SC019038/persons-with-significant-control
SC022667,BEN NEVIS DISTILLERY (FORT WILLIAM) LIMITED,02302862,Demball Limited,1,individual,SC022667:BEN NEVIS DISTILLERY (FORT WILLIAM) LIMITED -> 02302862:Demball Limited,https://find-and-update.company-information.service.gov.uk/company/SC022667/persons-with-significant-control
SC025459,J. & G. GRANT,SC025459,J. & G. GRANT,0,individual,,https://find-and-update.company-information.service.gov.uk/company/SC025459/persons-with-significant-control
SC031095,SPEYSIDE DISTILLERY COMPANY LIMITED,,Hoe International Ltd,1,foreign parent: Hoe International Ltd (Taiwan Taiwan),SC031095:SPEYSIDE DISTILLERY COMPANY LIMITED -> SC199495:Speyside Distillers Company Limited,https://find-and-update.company-information.service.gov.uk/company/SC031095/persons-with-significant-control
SC032696,IAN MACLEOD DISTILLERS LIMITED,SC032696,IAN MACLEOD DISTILLERS LIMITED,0,none,,https://find-and-update.company-information.service.gov.uk/company/SC032696/persons-with-significant-control
SC036374,THE EDRINGTON GROUP LIMITED,SC428674,Kintail Trustees Limited,1,none,SC036374:THE EDRINGTON GROUP LIMITED -> SC428674:Kintail Trustees Limited,https://find-and-update.company-information.service.gov.uk/company/SC036374/persons-with-significant-control
SC040036,INVER HOUSE DISTILLERS LIMITED,SC222095,International Beverage Holdings Limited,1,individual,SC040036:INVER HOUSE DISTILLERS LIMITED -> SC222095:International Beverage Holdings Limited,https://find-and-update.company-information.service.gov.uk/company/SC040036/persons-with-significant-control
SC043917,STRATHCLYDE DISTILLERY LIMITED,,Pernod Ricard Sa,4,foreign parent: Pernod Ricard Sa (France France),SC043917:STRATHCLYDE DISTILLERY LIMITED -> SC203488:Chivas Brothers Pernod Ricard | SC203488:Chivas Brothers Pernod Ricard -> 04248641:Chivas Brothers (Holdings) Limited | 04248641:Chivas Brothers (Holdings) Limited -> 05421315:Goal Acquisitions (Holdings) Limited | 05421315:Goal Acquisitions (Holdings) Limited -> 10702292:Pernod Ricard Uk Group Limited,https://find-and-update.company-information.service.gov.uk/company/SC043917/persons-with-significant-control
SC045679,GLEN KEITH DISTILLERY COMPANY LIMITED,,Pernod Ricard Sa,5,foreign parent: Pernod Ricard Sa (France France),SC045679:GLEN KEITH DISTILLERY COMPANY LIMITED -> SC019258:Chivas 2000 | SC019258:Chivas 2000 -> SC203488:Chivas Brothers Pernod Ricard | SC203488:Chivas Brothers Pernod Ricard -> 04248641:Chivas Brothers (Holdings) Limited | 04248641:Chivas Brothers (Holdings) Limited -> 05421315:Goal Acquisitions (Holdings) Limited | 05421315:Goal Acquisitions (Holdings) Limited -> 10702292:Pernod Ricard Uk Group Limited,https://find-and-update.company-information.service.gov.uk/company/SC045679/persons-with-significant-control
SC052114,THE GLENROTHES DISTILLERY COMPANY LIMITED,SC36374,The Edrington Group Limited,4,error,SC052114:THE GLENROTHES DISTILLERY COMPANY LIMITED -> 00379553:Bb&R Spirits Limited | 00379553:Bb&R Spirits Limited -> SC158731:Highland Distillers Limited | SC158731:Highland Distillers Limited -> SC199077:1887 Company Limited | SC199077:1887 Company Limited -> SC36374:The Edrington Group Limited,https://find-and-update.company-information.service.gov.uk/company/SC052114/persons-with-significant-control
SC060347,PRABAN NA LINNE LIMITED,SC060546,Praban Gu Leir Limited,1,individual,SC060347:PRABAN NA LINNE LIMITED -> SC060546:Praban Gu Leir Limited,https://find-and-update.company-information.service.gov.uk/company/SC060347/persons-with-significant-control
SC095810,"TOMATIN DISTILLERY COMPANY LIMITED,(THE)",,Takara Holdings Inc.,0,foreign parent: Takara Holdings Inc. (Japan Japan),,https://find-and-update.company-information.service.gov.uk/company/SC095810/persons-with-significant-control
SC109881,CVH SPIRITS LIMITED,,Distell Group Proprietary Limited,0,foreign parent: Distell Group Proprietary Limited (Registers Of South Africa South Africa),,https://find-and-update.company-information.service.gov.uk/company/SC109881/persons-with-significant-control
SC126375,DEANSTON DISTILLERY COMPANY LIMITED,,Distell Group Proprietary Limited,1,foreign parent: Distell Group Proprietary Limited (Registers Of South Africa South Africa),SC126375:DEANSTON DISTILLERY COMPANY LIMITED -> SC109881:Cvh Spirits Limited,https://find-and-update.company-information.service.gov.uk/company/SC126375/persons-with-significant-control
SC131772,WILLIAM GRANT & SONS LIMITED,15238251,William Grant & Sons Holdings Limited,1,individual,SC131772:WILLIAM GRANT & SONS LIMITED -> 15238251:William Grant & Sons Holdings Limited,https://find-and-update.company-information.service.gov.uk/company/SC131772/persons-with-significant-control
SC132929,INCHDAIRNIE DISTILLERY LIMITED,SC135381,Ces Whisky Limited,1,individual,SC132929:INCHDAIRNIE DISTILLERY LIMITED -> SC135381:Ces Whisky Limited,https://find-and-update.company-information.service.gov.uk/company/SC132929/persons-with-significant-control
SC134963,ISLE OF ARRAN DISTILLERS LIMITED,SC134963,ISLE OF ARRAN DISTILLERS LIMITED,0,individual,,https://find-and-update.company-information.service.gov.uk/company/SC134963/persons-with-significant-control
SC141800,ADELPHI DISTILLERY LIMITED,06990772,Rain Dance Investments Limited,1,individual,SC141800:ADELPHI DISTILLERY LIMITED -> 06990772:Rain Dance Investments Limited,https://find-and-update.company-information.service.gov.uk/company/SC141800/persons-with-significant-control
SC156412,THE PULTENEY DISTILLERY COMPANY LIMITED,SC222095,International Beverage Holdings (Uk) Limited,3,individual,SC156412:THE PULTENEY DISTILLERY COMPANY LIMITED -> SC140080:Blairmhor Distillers Limited | SC140080:Blairmhor Distillers Limited -> SC099017:Blairmhor Limited | SC099017:Blairmhor Limited -> SC222095:International Beverage Holdings (Uk) Limited,https://find-and-update.company-information.service.gov.uk/company/SC156412/persons-with-significant-control
SC163039,THE BALBLAIR DISTILLERY COMPANY LIMITED,SC222095,International Beverage Holdings (Uk) Limited,3,individual,SC163039:THE BALBLAIR DISTILLERY COMPANY LIMITED -> SC140080:Blairmhor Distillers Limited | SC140080:Blairmhor Distillers Limited -> SC099017:Blairmhor Limited | SC099017:Blairmhor Limited -> SC222095:International Beverage Holdings (Uk) Limited,https://find-and-update.company-information.service.gov.uk/company/SC163039/persons-with-significant-control
SC209196,BRUICHLADDICH DISTILLERY COMPANY LIMITED,,Remy Cointreau S.A.,1,foreign parent: Remy Cointreau S.A. (France France),SC209196:BRUICHLADDICH DISTILLERY COMPANY LIMITED -> 08129324:Remy Cointreau Uk Limited,https://find-and-update.company-information.service.gov.uk/company/SC209196/persons-with-significant-control
SC210027,TULLIBARDINE LIMITED,SC210027,TULLIBARDINE LIMITED,0,individual,,https://find-and-update.company-information.service.gov.uk/company/SC210027/persons-with-significant-control
SC221954,WHYTE AND MACKAY GROUP LIMITED,09094033,Emperador Holdings (Gb) Limited,2,individual,SC221954:WHYTE AND MACKAY GROUP LIMITED -> SC476923:Emperador Uk Limited | SC476923:Emperador Uk Limited -> 09094033:Emperador Holdings (Gb) Limited,https://find-and-update.company-information.service.gov.uk/company/SC221954/persons-with-significant-control
SC222298,DALMUNACH DISTILLERY LIMITED,,Pernod Ricard Sa,2,foreign parent: Pernod Ricard Sa,SC222298:DALMUNACH DISTILLERY LIMITED -> SC331555:Chivas Holdings (Ip) Limited | SC331555:Chivas Holdings (Ip) Limited -> joint -> :Pernod Ricard Sa,https://find-and-update.company-information.service.gov.uk/company/SC222298/persons-with-significant-control
SC225220,KILCHOMAN DISTILLERY COMPANY LTD.,10984243,Msg Uk Investments Limited,1,individual,SC225220:KILCHOMAN DISTILLERY COMPANY LTD. -> 10984243:Msg Uk Investments Limited,https://find-and-update.company-information.service.gov.uk/company/SC225220/persons-with-significant-control
SC232984,EDRADOUR DISTILLERY COMPANY LIMITED,SC112957,Signatory Vintage Scotch Whisky Company Limited,1,individual,SC232984:EDRADOUR DISTILLERY COMPANY LIMITED -> SC112957:Signatory Vintage Scotch Whisky Company Limited,https://find-and-update.company-information.service.gov.uk/company/SC232984/persons-with-significant-control
SC240804,BRAEVAL DISTILLERY LIMITED,,Pernod Ricard Sa,3,foreign parent: Pernod Ricard Sa (France France),SC240804:BRAEVAL DISTILLERY LIMITED -> 04238946:The Glenlivet Distillers Limited | 04238946:The Glenlivet Distillers Limited -> 05421315:Goal Acquisitions (Holdings) Limited | 05421315:Goal Acquisitions (Holdings) Limited -> 10702292:Pernod Ricard Uk Group Limited,https://find-and-update.company-information.service.gov.uk/company/SC240804/persons-with-significant-control
SC241885,THE BUNNAHABHAIN DISTILLERY COMPANY LIMITED,,Distell Group Proprietary Limited,1,foreign parent: Distell Group Proprietary Limited (Registers Of South Africa South Africa),SC241885:THE BUNNAHABHAIN DISTILLERY COMPANY LIMITED -> SC109881:Cvh Spirits Limited,https://find-and-update.company-information.service.gov.uk/company/SC241885/persons-with-significant-control
SC248732,THE GLENCADAM DISTILLERY COMPANY LIMITED,SC248732,THE GLENCADAM DISTILLERY COMPANY LIMITED,0,individual,,https://find-and-update.company-information.service.gov.uk/company/SC248732/persons-with-significant-control
SC258480,THE BENRIACH DISTILLERY COMPANY LIMITED,,Brown-Forman Corporation,1,foreign parent: Brown-Forman Corporation (United States Kentucky),SC258480:THE BENRIACH DISTILLERY COMPANY LIMITED -> SC526282:Brown-Forman Scotland Limited,https://find-and-update.company-information.service.gov.uk/company/SC258480/persons-with-significant-control
SC265103,GLENGYLE LIMITED,SC265103,GLENGYLE LIMITED,0,individual,,https://find-and-update.company-information.service.gov.uk/company/SC265103/persons-with-significant-control
SC268758,CHIVAS BROTHERS LIMITED,,Pernod Ricard Sa,3,foreign parent: Pernod Ricard Sa,SC268758:CHIVAS BROTHERS LIMITED -> 02869879:Allied Domecq Spirits & Wine Holdings Limited | 02869879:Allied Domecq Spirits & Wine Holdings Limited -> SC331555:Chivas Holdings (Ip) Limited | SC331555:Chivas Holdings (Ip) Limited -> joint -> :Pernod Ricard Sa,https://find-and-update.company-information.service.gov.uk/company/SC268758/persons-with-significant-control
SC292101,GLEN GRANT LIMITED,,Davide Campari-Milano N.V.,0,foreign parent: Davide Campari-Milano N.V. (Italy Italy),,https://find-and-update.company-information.service.gov.uk/company/SC292101/persons-with-significant-control
SC306164,SAXA VORD LIMITED,SC306164,SAXA VORD LIMITED,0,individual,,https://find-and-update.company-information.service.gov.uk/company/SC306164/persons-with-significant-control
SC310871,THE GLENGLASSAUGH DISTILLERY COMPANY LIMITED,,Brown-Forman Corporation,2,foreign parent: Brown-Forman Corporation (United States Kentucky),SC310871:THE GLENGLASSAUGH DISTILLERY COMPANY LIMITED -> SC258480:The Benriach Distillery Company Limited | SC258480:The Benriach Distillery Company Limited -> SC526282:Brown-Forman Scotland Limited,https://find-and-update.company-information.service.gov.uk/company/SC310871/persons-with-significant-control
SC316346,ANNANDALE DISTILLERY COMPANY LIMITED,02304169,Mathematical Market Research Limited,1,individual,SC316346:ANNANDALE DISTILLERY COMPANY LIMITED -> 02304169:Mathematical Market Research Limited,https://find-and-update.company-information.service.gov.uk/company/SC316346/persons-with-significant-control
SC334836,ISLE OF HARRIS DISTILLERS LIMITED,SC334836,ISLE OF HARRIS DISTILLERS LIMITED,0,individual,,https://find-and-update.company-information.service.gov.uk/company/SC334836/persons-with-significant-control
SC348842,GLEN MORAY DISTILLERY LIMITED,01595703,Glen Turner Company Limited,1,individual,SC348842:GLEN MORAY DISTILLERY LIMITED -> 01595703:Glen Turner Company Limited,https://find-and-update.company-information.service.gov.uk/company/SC348842/persons-with-significant-control
SC359078,THE KINGSBARNS COMPANY OF DISTILLERS LTD,SC3626,The Wemyss Development Company Limited,3,error,SC359078:THE KINGSBARNS COMPANY OF DISTILLERS LTD -> SC437599:Wemyss Distillery Limited | SC437599:Wemyss Distillery Limited -> SC024047:Wemyss Properties Limited | SC024047:Wemyss Properties Limited -> SC3626:The Wemyss Development Company Limited,https://find-and-update.company-information.service.gov.uk/company/SC359078/persons-with-significant-control
SC425362,THE TOMINTOUL DISTILLERY COMPANY LIMITED,SC425362,THE TOMINTOUL DISTILLERY COMPANY LIMITED,0,individual,,https://find-and-update.company-information.service.gov.uk/company/SC425362/persons-with-significant-control
SC437374,THE BENROMACH DISTILLERY CO LTD,SC037522,Speymalt Whisky Distributors Ltd,1,none,SC437374:THE BENROMACH DISTILLERY CO LTD -> SC037522:Speymalt Whisky Distributors Ltd,https://find-and-update.company-information.service.gov.uk/company/SC437374/persons-with-significant-control
SC439174,GLASGOW DISTILLERY COMPANY LIMITED,SC439174,GLASGOW DISTILLERY COMPANY LIMITED,0,individual,,https://find-and-update.company-information.service.gov.uk/company/SC439174/persons-with-significant-control
SC440650,STRATHEARN DISTILLERY LTD.,SC440650,STRATHEARN DISTILLERY LTD.,0,individual,,https://find-and-update.company-information.service.gov.uk/company/SC440650/persons-with-significant-control
SC441811,CRAIGELLACHIE LIMITED,SC441811,CRAIGELLACHIE LIMITED,0,individual,,https://find-and-update.company-information.service.gov.uk/company/SC441811/persons-with-significant-control
SC442379,THE LINDORES DISTILLING CO. LTD,,Conquer Dawn Limited,2,foreign parent: Conquer Dawn Limited (Conquer Dawn Ireland),SC442379:THE LINDORES DISTILLING CO. LTD -> SC600376:Spirex Ltd | SC600376:Spirex Ltd -> 16203448:Cd Lindores Ltd,https://find-and-update.company-information.service.gov.uk/company/SC442379/persons-with-significant-control
SC442507,DORNOCH DISTILLERY COMPANY LIMITED,SC788327,Thompson Independent Traders Ltd,1,individual,SC442507:DORNOCH DISTILLERY COMPANY LIMITED -> SC788327:Thompson Independent Traders Ltd,https://find-and-update.company-information.service.gov.uk/company/SC442507/persons-with-significant-control
SC445020,THE BORDERS DISTILLERY COMPANY LIMITED,SC445020,THE BORDERS DISTILLERY COMPANY LIMITED,0,none,,https://find-and-update.company-information.service.gov.uk/company/SC445020/persons-with-significant-control
SC445789,NC'NEAN DISTILLERY LIMITED,SC445789,NC'NEAN DISTILLERY LIMITED,0,none,,https://find-and-update.company-information.service.gov.uk/company/SC445789/persons-with-significant-control
SC454474,DUNNET BAY DISTILLERS LTD.,SC454474,DUNNET BAY DISTILLERS LTD.,0,individual,,https://find-and-update.company-information.service.gov.uk/company/SC454474/persons-with-significant-control
SC457756,TORABHAIG DISTILLERY LIMITED,SC456414,Mossburn Distillers Ltd,1,individual,SC457756:TORABHAIG DISTILLERY LIMITED -> SC456414:Mossburn Distillers Ltd,https://find-and-update.company-information.service.gov.uk/company/SC457756/persons-with-significant-control
SC460214,EDINBURGH GIN LIMITED,SC032696,Ian Macleod Distillers Ltd,1,none,SC460214:EDINBURGH GIN LIMITED -> SC032696:Ian Macleod Distillers Ltd,https://find-and-update.company-information.service.gov.uk/company/SC460214/persons-with-significant-control
SC464028,ARBIKIE DISTILLING LIMITED,SC464028,ARBIKIE DISTILLING LIMITED,0,individual,,https://find-and-update.company-information.service.gov.uk/company/SC464028/persons-with-significant-control
SC464734,LANGHOLM DISTILLERY LIMITED,SC464734,LANGHOLM DISTILLERY LIMITED,0,individual,,https://find-and-update.company-information.service.gov.uk/company/SC464734/persons-with-significant-control
SC483145,R&B DISTILLERS LIMITED,SC499950,Chanrossa Group Limited,1,individual,SC483145:R&B DISTILLERS LIMITED -> SC499950:Chanrossa Group Limited,https://find-and-update.company-information.service.gov.uk/company/SC483145/persons-with-significant-control
SC507595,ARDNAHOE DISTILLERY COMPANY LIMITED,SC555631,Hunter Laing Holdings Limited,1,individual,SC507595:ARDNAHOE DISTILLERY COMPANY LIMITED -> SC555631:Hunter Laing Holdings Limited,https://find-and-update.company-information.service.gov.uk/company/SC507595/persons-with-significant-control
SC511856,AUCHENTOSHAN LIMITED,,Trustqore (Bvi) Ltd,0,foreign parent: Trustqore (Bvi) Ltd (),,https://find-and-update.company-information.service.gov.uk/company/SC511856/persons-with-significant-control
SC514748,CLYDESIDE DISTILLERY LIMITED,SC514748,CLYDESIDE DISTILLERY LIMITED,0,individual,,https://find-and-update.company-information.service.gov.uk/company/SC514748/persons-with-significant-control
SC521441,TOULVADDIE DISTILLERY LIMITED,SC521441,TOULVADDIE DISTILLERY LIMITED,0,individual,,https://find-and-update.company-information.service.gov.uk/company/SC521441/persons-with-significant-control
SC525595,ORKNEY DISTILLING LIMITED,SC525595,ORKNEY DISTILLING LIMITED,0,individual,,https://find-and-update.company-information.service.gov.uk/company/SC525595/persons-with-significant-control
SC526654,BEINN AN TUIRC DISTILLERS LIMITED,SC526654,BEINN AN TUIRC DISTILLERS LIMITED,0,individual,,https://find-and-update.company-information.service.gov.uk/company/SC526654/persons-with-significant-control
SC530080,SELKIRK DISTILLERS LTD,SC530080,SELKIRK DISTILLERS LTD,0,individual,,https://find-and-update.company-information.service.gov.uk/company/SC530080/persons-with-significant-control
SC530264,ISLE OF SKYE DISTILLERS LTD,SC530264,ISLE OF SKYE DISTILLERS LTD,0,individual,,https://find-and-update.company-information.service.gov.uk/company/SC530264/persons-with-significant-control
SC531337,THE HOLYROOD DISTILLERY LTD,SC462779,Newmake Limited,1,none,SC531337:THE HOLYROOD DISTILLERY LTD -> SC462779:Newmake Limited,https://find-and-update.company-information.service.gov.uk/company/SC531337/persons-with-significant-control
SC531754,DEERNESS DISTILLERY LTD,SC531754,DEERNESS DISTILLERY LTD,0,individual,,https://find-and-update.company-information.service.gov.uk/company/SC531754/persons-with-significant-control
SC536046,EDEN MILL ST ANDREWS LTD,SO302623,Inverleith Llp,3,individual,SC536046:EDEN MILL ST ANDREWS LTD -> SC415244:St Andrews Brewers Limited | SC415244:St Andrews Brewers Limited -> SL035289:Inverleith 1b Limited Partnership | SL035289:Inverleith 1b Limited Partnership -> joint -> SO302623:Inverleith Llp,https://find-and-update.company-information.service.gov.uk/company/SC536046/persons-with-significant-control
SC537030,ARDGOWAN DISTILLERY COMPANY LIMITED,SC537030,ARDGOWAN DISTILLERY COMPANY LIMITED,0,individual,,https://find-and-update.company-information.service.gov.uk/company/SC537030/persons-with-significant-control
SC543737,GLENRINNES DISTILLERY LIMITED,SC147083,Glenrinnes Farms Limited,1,individual,SC543737:GLENRINNES DISTILLERY LIMITED -> SC147083:Glenrinnes Farms Limited,https://find-and-update.company-information.service.gov.uk/company/SC543737/persons-with-significant-control
SC547189,CITY OF ABERDEEN DISTILLERY LTD,SC547189,CITY OF ABERDEEN DISTILLERY LTD,0,individual,,https://find-and-update.company-information.service.gov.uk/company/SC547189/persons-with-significant-control
SC547970,BLACKFORD CRAFT DISTILLERY LTD,SC547970,BLACKFORD CRAFT DISTILLERY LTD,0,individual,,https://find-and-update.company-information.service.gov.uk/company/SC547970/persons-with-significant-control
SC553952,ISLE OF BARRA DISTILLERS LTD,SC553952,ISLE OF BARRA DISTILLERS LTD,0,individual,,https://find-and-update.company-information.service.gov.uk/company/SC553952/persons-with-significant-control
SC554793,LOST LOCH SPIRITS LTD,SC554793,LOST LOCH SPIRITS LTD,0,individual,,https://find-and-update.company-information.service.gov.uk/company/SC554793/persons-with-significant-control
SC556955,KINRARA DISTILLERY LIMITED,SC556955,KINRARA DISTILLERY LIMITED,0,individual,,https://find-and-update.company-information.service.gov.uk/company/SC556955/persons-with-significant-control
SC557862,GORDON & MACPHAIL LIMITED,SC037522,Speymalt Whisky Distributors Limited,1,none,SC557862:GORDON & MACPHAIL LIMITED -> SC037522:Speymalt Whisky Distributors Limited,https://find-and-update.company-information.service.gov.uk/company/SC557862/persons-with-significant-control
SC559073,THE GLENALLACHIE DISTILLERS CO LIMITED,,The Trustees Of The Walker (A) 2026 Trust,0,foreign parent: The Trustees Of The Walker (A) 2026 Trust (),,https://find-and-update.company-information.service.gov.uk/company/SC559073/persons-with-significant-control
SC560549,NORTH UIST DISTILLERY LTD,SC560549,NORTH UIST DISTILLERY LTD,0,individual,,https://find-and-update.company-information.service.gov.uk/company/SC560549/persons-with-significant-control
SC560623,LINLITHGOW DISTILLERY LIMITED,08707353,Billion Global Chase Ltd,1,individual,SC560623:LINLITHGOW DISTILLERY LIMITED -> 08707353:Billion Global Chase Ltd,https://find-and-update.company-information.service.gov.uk/company/SC560623/persons-with-significant-control
SC580228,DISTILLERS MARKET LTD,SC580228,DISTILLERS MARKET LTD,0,individual,,https://find-and-update.company-information.service.gov.uk/company/SC580228/persons-with-significant-control
SC586268,BADACHRO DISTILLERY LTD,SC586268,BADACHRO DISTILLERY LTD,0,individual,,https://find-and-update.company-information.service.gov.uk/company/SC586268/persons-with-significant-control
SC593513,STIRLING DISTILLERY COMPANY LTD,SC593513,STIRLING DISTILLERY COMPANY LTD,0,individual,,https://find-and-update.company-information.service.gov.uk/company/SC593513/persons-with-significant-control
SC616414,GLENTURRET LIMITED,SC616414,GLENTURRET LIMITED,0,individual,,https://find-and-update.company-information.service.gov.uk/company/SC616414/persons-with-significant-control
SC641322,ISLE OF CUMBRAE DISTILLERS LTD,SC641322,ISLE OF CUMBRAE DISTILLERS LTD,0,individual,,https://find-and-update.company-information.service.gov.uk/company/SC641322/persons-with-significant-control
SC645313,BURNOBENNIE DISTILLERY LIMITED,SC636554,Ardent Spirit Holdings Limited,1,individual,SC645313:BURNOBENNIE DISTILLERY LIMITED -> SC636554:Ardent Spirit Holdings Limited,https://find-and-update.company-information.service.gov.uk/company/SC645313/persons-with-significant-control
SC645834,LOCHLEA LIMITED,SC645834,LOCHLEA LIMITED,0,individual,,https://find-and-update.company-information.service.gov.uk/company/SC645834/persons-with-significant-control
SC663710,BALMAUD DISTILLERY COMPANY LIMITED,SC451565,W & G Renewables Limited,1,individual,SC663710:BALMAUD DISTILLERY COMPANY LIMITED -> SC451565:W & G Renewables Limited,https://find-and-update.company-information.service.gov.uk/company/SC663710/persons-with-significant-control
SC666772,ROEHILL SPRINGS DISTILLERY LTD,SC666772,ROEHILL SPRINGS DISTILLERY LTD,0,individual,,https://find-and-update.company-information.service.gov.uk/company/SC666772/persons-with-significant-control
SC672775,TITAN SPIRITS LTD,,Cranford Investments Limited,0,"foreign parent: Cranford Investments Limited (Companies Registration Office, Ireland Ireland)",,https://find-and-update.company-information.service.gov.uk/company/SC672775/persons-with-significant-control
SC675349,ISLE OF BUTE DISTILLERY LIMITED,SC675349,ISLE OF BUTE DISTILLERY LIMITED,0,individual,,https://find-and-update.company-information.service.gov.uk/company/SC675349/persons-with-significant-control
SC686960,DUNKELD DISTILLERY LIMITED,SC686960,DUNKELD DISTILLERY LIMITED,0,individual,,https://find-and-update.company-information.service.gov.uk/company/SC686960/persons-with-significant-control
SC688989,TORMORE DISTILLERY LIMITED,,Elixir Distillers Limited,0,foreign parent: Elixir Distillers Limited (),,https://find-and-update.company-information.service.gov.uk/company/SC688989/persons-with-significant-control
SC690435,THE CAIRN DISTILLERY CO LTD,SC037522,Speymalt Whisky Distributors Limited,1,none,SC690435:THE CAIRN DISTILLERY CO LTD -> SC037522:Speymalt Whisky Distributors Limited,https://find-and-update.company-information.service.gov.uk/company/SC690435/persons-with-significant-control
SC692764,ANGUS ALCHEMY LIMITED,SC692764,ANGUS ALCHEMY LIMITED,0,individual,,https://find-and-update.company-information.service.gov.uk/company/SC692764/persons-with-significant-control
SC698680,THE MOFFAT DISTILLERY LTD,SC698680,THE MOFFAT DISTILLERY LTD,0,individual,,https://find-and-update.company-information.service.gov.uk/company/SC698680/persons-with-significant-control
SC712327,DUNPHAIL DISTILLERY LTD,13732352,Mde Holding Ltd.,1,individual,SC712327:DUNPHAIL DISTILLERY LTD -> 13732352:Mde Holding Ltd.,https://find-and-update.company-information.service.gov.uk/company/SC712327/persons-with-significant-control
SC733276,KYTHE DISTILLERY CO LTD,SC733276,KYTHE DISTILLERY CO LTD,0,individual,,https://find-and-update.company-information.service.gov.uk/company/SC733276/persons-with-significant-control
SC738215,LERWICK DISTILLERY LIMITED,SC738215,LERWICK DISTILLERY LIMITED,0,individual,,https://find-and-update.company-information.service.gov.uk/company/SC738215/persons-with-significant-control
