slug,in_build,status,units,group,source
57-skye-distillery,yes,gin / other,0,residual,https://57skyedistillery.com/about_us/
8-doors-distillery,yes,operating (SWA),1,residual,https://www.scotch-whisky.org.uk/media/f2fm4u0u/list-of-current-operating-scotch-whisky-distilleries-for-public-website-september-2026.pdf
aberargie-distillery,yes,operating (SWA),1,residual,https://www.scotch-whisky.org.uk/media/f2fm4u0u/list-of-current-operating-scotch-whisky-distilleries-for-public-website-september-2026.pdf
aberfeldy-distillery,yes,operating (SWA),1,Bacardi,https://www.scotch-whisky.org.uk/media/f2fm4u0u/list-of-current-operating-scotch-whisky-distilleries-for-public-website-september-2026.pdf
aberlour-distillery,yes,operating (SWA),1,Pernod Ricard,https://www.scotch-whisky.org.uk/media/f2fm4u0u/list-of-current-operating-scotch-whisky-distilleries-for-public-website-september-2026.pdf
abhainn-dearg-distillery,yes,commissioned; outside SWA list,1,residual,https://abhainndeargdistillery.co.uk/
ailsa-bay,yes,operating (SWA),1,William Grant,https://www.scotch-whisky.org.uk/media/f2fm4u0u/list-of-current-operating-scotch-whisky-distilleries-for-public-website-september-2026.pdf
allt-a-bhainne,yes,operating (SWA),1,Pernod Ricard,https://www.scotch-whisky.org.uk/media/f2fm4u0u/list-of-current-operating-scotch-whisky-distilleries-for-public-website-september-2026.pdf
ancnoc-distillery,yes,operating (SWA),1,Inver House,https://www.scotch-whisky.org.uk/media/f2fm4u0u/list-of-current-operating-scotch-whisky-distilleries-for-public-website-september-2026.pdf
annandale-distillery,yes,operating (SWA),1,residual,https://www.scotch-whisky.org.uk/media/f2fm4u0u/list-of-current-operating-scotch-whisky-distilleries-for-public-website-september-2026.pdf
arbikie-distillery,yes,operating (SWA),1,residual,https://www.scotch-whisky.org.uk/media/f2fm4u0u/list-of-current-operating-scotch-whisky-distilleries-for-public-website-september-2026.pdf
ardbeg,yes,operating (SWA),1,LVMH,https://www.scotch-whisky.org.uk/media/f2fm4u0u/list-of-current-operating-scotch-whisky-distilleries-for-public-website-september-2026.pdf
ardgowan-distillery,yes,operating (SWA),1,residual,https://www.scotch-whisky.org.uk/media/f2fm4u0u/list-of-current-operating-scotch-whisky-distilleries-for-public-website-september-2026.pdf
ardmore-distillery,yes,operating (SWA),1,Suntory,https://www.scotch-whisky.org.uk/media/f2fm4u0u/list-of-current-operating-scotch-whisky-distilleries-for-public-website-september-2026.pdf
ardnahoe-distillery,yes,operating (SWA),1,residual,https://www.scotch-whisky.org.uk/media/f2fm4u0u/list-of-current-operating-scotch-whisky-distilleries-for-public-website-september-2026.pdf
ardnamurchan-distillery,yes,operating (SWA),1,residual,https://www.scotch-whisky.org.uk/media/f2fm4u0u/list-of-current-operating-scotch-whisky-distilleries-for-public-website-september-2026.pdf
ardross-distillery,yes,operating (SWA),1,residual,https://www.scotch-whisky.org.uk/media/f2fm4u0u/list-of-current-operating-scotch-whisky-distilleries-for-public-website-september-2026.pdf
arran-distillery,yes,operating (SWA),1,Isle of Arran,https://www.scotch-whisky.org.uk/media/f2fm4u0u/list-of-current-operating-scotch-whisky-distilleries-for-public-website-september-2026.pdf
auchentoshan-distillery,yes,operating (SWA),1,Suntory,https://www.scotch-whisky.org.uk/media/f2fm4u0u/list-of-current-operating-scotch-whisky-distilleries-for-public-website-september-2026.pdf
auchroisk-distillery,yes,operating (SWA),1,Diageo,https://www.scotch-whisky.org.uk/media/f2fm4u0u/list-of-current-operating-scotch-whisky-distilleries-for-public-website-september-2026.pdf
aultmore-distillery,yes,operating (SWA),1,Bacardi,https://www.scotch-whisky.org.uk/media/f2fm4u0u/list-of-current-operating-scotch-whisky-distilleries-for-public-website-september-2026.pdf
badachro-distillery,yes,operating (SWA),1,residual,https://www.scotch-whisky.org.uk/media/f2fm4u0u/list-of-current-operating-scotch-whisky-distilleries-for-public-website-september-2026.pdf
balblair-distillery,yes,operating (SWA),1,Inver House,https://www.scotch-whisky.org.uk/media/f2fm4u0u/list-of-current-operating-scotch-whisky-distilleries-for-public-website-september-2026.pdf
ballindalloch-distillery,yes,operating (SWA),1,residual,https://www.scotch-whisky.org.uk/media/f2fm4u0u/list-of-current-operating-scotch-whisky-distilleries-for-public-website-september-2026.pdf
balmaud-distillery,yes,operating (SWA),1,residual,https://www.scotch-whisky.org.uk/media/f2fm4u0u/list-of-current-operating-scotch-whisky-distilleries-for-public-website-september-2026.pdf
balmenach-distillery,yes,operating (SWA),1,Inver House,https://www.scotch-whisky.org.uk/media/f2fm4u0u/list-of-current-operating-scotch-whisky-distilleries-for-public-website-september-2026.pdf
balvenie-distillery,yes,operating (SWA),1,William Grant,https://www.scotch-whisky.org.uk/media/f2fm4u0u/list-of-current-operating-scotch-whisky-distilleries-for-public-website-september-2026.pdf
ben-nevis-distillery,yes,operating (SWA),1,residual,https://www.scotch-whisky.org.uk/media/f2fm4u0u/list-of-current-operating-scotch-whisky-distilleries-for-public-website-september-2026.pdf
benbecula-distillery,yes,operating (SWA),1,residual,https://www.scotch-whisky.org.uk/media/f2fm4u0u/list-of-current-operating-scotch-whisky-distilleries-for-public-website-september-2026.pdf
benriach-distillery,yes,operating (SWA),1,Brown-Forman,https://www.scotch-whisky.org.uk/media/f2fm4u0u/list-of-current-operating-scotch-whisky-distilleries-for-public-website-september-2026.pdf
benrinnes-distillery,yes,operating (SWA),1,Diageo,https://www.scotch-whisky.org.uk/media/f2fm4u0u/list-of-current-operating-scotch-whisky-distilleries-for-public-website-september-2026.pdf
benromach,yes,operating (SWA),1,Gordon & MacPhail,https://www.scotch-whisky.org.uk/media/f2fm4u0u/list-of-current-operating-scotch-whisky-distilleries-for-public-website-september-2026.pdf
blackness-bay-distillery,no,operating (SWA),1,residual,https://www.scotch-whisky.org.uk/media/f2fm4u0u/list-of-current-operating-scotch-whisky-distilleries-for-public-website-september-2026.pdf
bladnoch-distillery,yes,operating (SWA),1,residual,https://www.scotch-whisky.org.uk/media/f2fm4u0u/list-of-current-operating-scotch-whisky-distilleries-for-public-website-september-2026.pdf
blair-athol-distillery,yes,operating (SWA),1,Diageo,https://www.scotch-whisky.org.uk/media/f2fm4u0u/list-of-current-operating-scotch-whisky-distilleries-for-public-website-september-2026.pdf
bonnington,yes,operating (SWA),1,residual,https://www.scotch-whisky.org.uk/media/f2fm4u0u/list-of-current-operating-scotch-whisky-distilleries-for-public-website-september-2026.pdf
bowmore-distillery,yes,operating (SWA),1,Suntory,https://www.scotch-whisky.org.uk/media/f2fm4u0u/list-of-current-operating-scotch-whisky-distilleries-for-public-website-september-2026.pdf
braeval-distillery,yes,operating (SWA),1,Pernod Ricard,https://www.scotch-whisky.org.uk/media/f2fm4u0u/list-of-current-operating-scotch-whisky-distilleries-for-public-website-september-2026.pdf
brora-distillery,yes,operating (SWA),1,Diageo,https://www.scotch-whisky.org.uk/media/f2fm4u0u/list-of-current-operating-scotch-whisky-distilleries-for-public-website-september-2026.pdf
bruichladdich-distillery,yes,operating (SWA),1,residual,https://www.scotch-whisky.org.uk/media/f2fm4u0u/list-of-current-operating-scotch-whisky-distilleries-for-public-website-september-2026.pdf
bunnahabhain-distillery,yes,operating (SWA),1,CVH / Capevin,https://www.scotch-whisky.org.uk/media/f2fm4u0u/list-of-current-operating-scotch-whisky-distilleries-for-public-website-september-2026.pdf
burnobennie-distillery,no,operating (SWA),1,residual,https://www.scotch-whisky.org.uk/media/f2fm4u0u/list-of-current-operating-scotch-whisky-distilleries-for-public-website-september-2026.pdf
cameronbridge-distillery,yes,operating (SWA),1,Diageo,https://www.scotch-whisky.org.uk/media/f2fm4u0u/list-of-current-operating-scotch-whisky-distilleries-for-public-website-september-2026.pdf
caol-ila-distillery,yes,operating (SWA),1,Diageo,https://www.scotch-whisky.org.uk/media/f2fm4u0u/list-of-current-operating-scotch-whisky-distilleries-for-public-website-september-2026.pdf
cardhu-distillery,yes,operating (SWA),1,Diageo,https://www.scotch-whisky.org.uk/media/f2fm4u0u/list-of-current-operating-scotch-whisky-distilleries-for-public-website-september-2026.pdf
city-of-aberdeen-distillery,yes,gin / other,0,residual,https://cityofaberdeendistillery.co.uk/
clydeside-distillery,yes,operating (SWA),1,residual,https://www.scotch-whisky.org.uk/media/f2fm4u0u/list-of-current-operating-scotch-whisky-distilleries-for-public-website-september-2026.pdf
clynelish-distillery,yes,operating (SWA),1,Diageo,https://www.scotch-whisky.org.uk/media/f2fm4u0u/list-of-current-operating-scotch-whisky-distilleries-for-public-website-september-2026.pdf
cragganmore-distillery,yes,operating (SWA),1,Diageo,https://www.scotch-whisky.org.uk/media/f2fm4u0u/list-of-current-operating-scotch-whisky-distilleries-for-public-website-september-2026.pdf
craigellachie,yes,operating (SWA),1,Bacardi,https://www.scotch-whisky.org.uk/media/f2fm4u0u/list-of-current-operating-scotch-whisky-distilleries-for-public-website-september-2026.pdf
daftmill-distillery,yes,operating (SWA),1,residual,https://www.scotch-whisky.org.uk/media/f2fm4u0u/list-of-current-operating-scotch-whisky-distilleries-for-public-website-september-2026.pdf
dailuaine,yes,operating (SWA),1,Diageo,https://www.scotch-whisky.org.uk/media/f2fm4u0u/list-of-current-operating-scotch-whisky-distilleries-for-public-website-september-2026.pdf
dalmore-distillery,yes,operating (SWA),1,Whyte & Mackay,https://www.scotch-whisky.org.uk/media/f2fm4u0u/list-of-current-operating-scotch-whisky-distilleries-for-public-website-september-2026.pdf
dalmunach-distillery,yes,operating (SWA),1,Pernod Ricard,https://www.scotch-whisky.org.uk/media/f2fm4u0u/list-of-current-operating-scotch-whisky-distilleries-for-public-website-september-2026.pdf
dalwhinnie-distillery,yes,operating (SWA),1,Diageo,https://www.scotch-whisky.org.uk/media/f2fm4u0u/list-of-current-operating-scotch-whisky-distilleries-for-public-website-september-2026.pdf
deanston-distillery,yes,operating (SWA),1,CVH / Capevin,https://www.scotch-whisky.org.uk/media/f2fm4u0u/list-of-current-operating-scotch-whisky-distilleries-for-public-website-september-2026.pdf
deerness-distillery,no,operating (SWA),1,residual,https://www.scotch-whisky.org.uk/media/f2fm4u0u/list-of-current-operating-scotch-whisky-distilleries-for-public-website-september-2026.pdf
deeside-distillery,yes,gin / other,0,residual,https://lostlochspirits.com/
diageo-global-supply-centre,yes,"research / packaging, excluded",0,Diageo,https://www.diageo.com/en/our-brands/scotch-whisky
dornoch-distillery,yes,operating (SWA),1,residual,https://www.scotch-whisky.org.uk/media/f2fm4u0u/list-of-current-operating-scotch-whisky-distilleries-for-public-website-september-2026.pdf
dufftown-distillery,yes,operating (SWA),1,Diageo,https://www.scotch-whisky.org.uk/media/f2fm4u0u/list-of-current-operating-scotch-whisky-distilleries-for-public-website-september-2026.pdf
dunkeld-distillery,yes,not yet producing (unconfirmed),0,residual,https://dunkelddistillery.com/
dunphail-distillery,yes,operating (SWA),1,residual,https://www.scotch-whisky.org.uk/media/f2fm4u0u/list-of-current-operating-scotch-whisky-distilleries-for-public-website-september-2026.pdf
eden-mill-st-andrews,yes,commissioned; outside SWA list,1,residual,https://www.edenmill.com/blogs/distillery/we-are-now-operational
edradour-distillery,yes,operating (SWA),1,residual,https://www.scotch-whisky.org.uk/media/f2fm4u0u/list-of-current-operating-scotch-whisky-distilleries-for-public-website-september-2026.pdf
falkirk-distillery,yes,operating (SWA),1,residual,https://www.scotch-whisky.org.uk/media/f2fm4u0u/list-of-current-operating-scotch-whisky-distilleries-for-public-website-september-2026.pdf
fettercairn-distillery,yes,operating (SWA),1,Whyte & Mackay,https://www.scotch-whisky.org.uk/media/f2fm4u0u/list-of-current-operating-scotch-whisky-distilleries-for-public-website-september-2026.pdf
galloway-distillery,yes,operating (SWA),1,residual,https://www.scotch-whisky.org.uk/media/f2fm4u0u/list-of-current-operating-scotch-whisky-distilleries-for-public-website-september-2026.pdf
girvan-distillery,yes,operating (SWA),1,William Grant,https://www.scotch-whisky.org.uk/media/f2fm4u0u/list-of-current-operating-scotch-whisky-distilleries-for-public-website-september-2026.pdf
glasgow-distillery,yes,operating (SWA),1,residual,https://www.scotch-whisky.org.uk/media/f2fm4u0u/list-of-current-operating-scotch-whisky-distilleries-for-public-website-september-2026.pdf
glen-elgin-distillery,yes,operating (SWA),1,Diageo,https://www.scotch-whisky.org.uk/media/f2fm4u0u/list-of-current-operating-scotch-whisky-distilleries-for-public-website-september-2026.pdf
glen-garioch-distillery,yes,operating (SWA),1,Suntory,https://www.scotch-whisky.org.uk/media/f2fm4u0u/list-of-current-operating-scotch-whisky-distilleries-for-public-website-september-2026.pdf
glen-grant-distillery,yes,operating (SWA),1,residual,https://www.scotch-whisky.org.uk/media/f2fm4u0u/list-of-current-operating-scotch-whisky-distilleries-for-public-website-september-2026.pdf
glen-keith-distillery,yes,operating (SWA),1,Pernod Ricard,https://www.scotch-whisky.org.uk/media/f2fm4u0u/list-of-current-operating-scotch-whisky-distilleries-for-public-website-september-2026.pdf
glen-moray-distillery,yes,operating (SWA),1,La Martiniquaise,https://www.scotch-whisky.org.uk/media/f2fm4u0u/list-of-current-operating-scotch-whisky-distilleries-for-public-website-september-2026.pdf
glen-ord-distillery,yes,operating (SWA),1,Diageo,https://www.scotch-whisky.org.uk/media/f2fm4u0u/list-of-current-operating-scotch-whisky-distilleries-for-public-website-september-2026.pdf
glen-scotia-distillery,yes,operating (SWA),1,Loch Lomond,https://www.scotch-whisky.org.uk/media/f2fm4u0u/list-of-current-operating-scotch-whisky-distilleries-for-public-website-september-2026.pdf
glen-spey-distillery,yes,commissioned; outside SWA list,1,Diageo,https://www.malts.com/en-gb/products/glen-spey-12-year-old-flora-fauna-single-malt-whisky-70cl
glen-turner-distillery,yes,duplicate,0,La Martiniquaise,https://ceed-scotland.com/member/glen-turner-distillery-ltd
glenallachie-distillery,yes,operating (SWA),1,residual,https://www.scotch-whisky.org.uk/media/f2fm4u0u/list-of-current-operating-scotch-whisky-distilleries-for-public-website-september-2026.pdf
glenburgie-distillery,yes,operating (SWA),1,Pernod Ricard,https://www.scotch-whisky.org.uk/media/f2fm4u0u/list-of-current-operating-scotch-whisky-distilleries-for-public-website-september-2026.pdf
glencadam-distillery,yes,operating (SWA),1,Angus Dundee,https://www.scotch-whisky.org.uk/media/f2fm4u0u/list-of-current-operating-scotch-whisky-distilleries-for-public-website-september-2026.pdf
glendullan-distillery,yes,operating (SWA),1,Diageo,https://www.scotch-whisky.org.uk/media/f2fm4u0u/list-of-current-operating-scotch-whisky-distilleries-for-public-website-september-2026.pdf
glenfarclas-distillery,yes,operating (SWA),1,residual,https://www.scotch-whisky.org.uk/media/f2fm4u0u/list-of-current-operating-scotch-whisky-distilleries-for-public-website-september-2026.pdf
glenfiddich-distillery,yes,operating (SWA),1,William Grant,https://www.scotch-whisky.org.uk/media/f2fm4u0u/list-of-current-operating-scotch-whisky-distilleries-for-public-website-september-2026.pdf
glenglassaugh-distillery,yes,operating list; reported production pause,1,Brown-Forman,https://www.scotch-whisky.org.uk/media/f2fm4u0u/list-of-current-operating-scotch-whisky-distilleries-for-public-website-september-2026.pdf
glengoyne-distillery,yes,operating (SWA),1,Ian Macleod,https://www.scotch-whisky.org.uk/media/f2fm4u0u/list-of-current-operating-scotch-whisky-distilleries-for-public-website-september-2026.pdf
glengyle,yes,operating (SWA),1,J & A Mitchell,https://www.scotch-whisky.org.uk/media/f2fm4u0u/list-of-current-operating-scotch-whisky-distilleries-for-public-website-september-2026.pdf
glenkinchie-distillery,yes,operating (SWA),1,Diageo,https://www.scotch-whisky.org.uk/media/f2fm4u0u/list-of-current-operating-scotch-whisky-distilleries-for-public-website-september-2026.pdf
glenlossie,yes,operating (SWA),1,Diageo,https://www.scotch-whisky.org.uk/media/f2fm4u0u/list-of-current-operating-scotch-whisky-distilleries-for-public-website-september-2026.pdf
glenmorangie-distillery,yes,operating (SWA),1,LVMH,https://www.scotch-whisky.org.uk/media/f2fm4u0u/list-of-current-operating-scotch-whisky-distilleries-for-public-website-september-2026.pdf
glenrothes-distillery,yes,operating (SWA),1,Edrington,https://www.scotch-whisky.org.uk/media/f2fm4u0u/list-of-current-operating-scotch-whisky-distilleries-for-public-website-september-2026.pdf
glentauchers-distillery,yes,operating (SWA),1,Pernod Ricard,https://www.scotch-whisky.org.uk/media/f2fm4u0u/list-of-current-operating-scotch-whisky-distilleries-for-public-website-september-2026.pdf
glenwyvis-distillery,yes,operating (SWA),1,residual,https://www.scotch-whisky.org.uk/media/f2fm4u0u/list-of-current-operating-scotch-whisky-distilleries-for-public-website-september-2026.pdf
great-glen-distillery-scotlands-smallest-craft-distillery,yes,gin / other,0,residual,https://www.greatglendistillery.co.uk/
greenock-distillery,yes,gin / other,0,residual,https://titanspiritsltd.com/
highland-boundary-wild-distillery,yes,gin / other,0,residual,https://highlandboundary.com/pages/about-us
highland-park-distillery,yes,operating (SWA),1,Edrington,https://www.scotch-whisky.org.uk/media/f2fm4u0u/list-of-current-operating-scotch-whisky-distilleries-for-public-website-september-2026.pdf
holyrood-distillery,yes,operating (SWA),1,residual,https://www.scotch-whisky.org.uk/media/f2fm4u0u/list-of-current-operating-scotch-whisky-distilleries-for-public-website-september-2026.pdf
ian-macleod-distillers-ltd,yes,office,0,Ian Macleod,https://www.ianmacleod.com/
inchdairnie-distillery,yes,operating (SWA),1,residual,https://www.scotch-whisky.org.uk/media/f2fm4u0u/list-of-current-operating-scotch-whisky-distilleries-for-public-website-september-2026.pdf
inchgower-distillery,yes,operating (SWA),1,Diageo,https://www.scotch-whisky.org.uk/media/f2fm4u0u/list-of-current-operating-scotch-whisky-distilleries-for-public-website-september-2026.pdf
invergordon-distillery,yes,operating (SWA),1,Whyte & Mackay,https://www.scotch-whisky.org.uk/media/f2fm4u0u/list-of-current-operating-scotch-whisky-distilleries-for-public-website-september-2026.pdf
isle-of-barra-distillers,yes,not yet producing,0,residual,https://isleofbarradistillers.com/pages/barra-whisky
isle-of-bute-distillery,yes,gin / other,0,residual,https://isleofbutedistillery.com/
isle-of-cumbrae-distillers,yes,gin / other,0,residual,https://isleofcumbrae-distillers.com/
isle-of-harris-distillery,yes,operating (SWA),1,residual,https://www.scotch-whisky.org.uk/media/f2fm4u0u/list-of-current-operating-scotch-whisky-distilleries-for-public-website-september-2026.pdf
isle-of-jura-distillery,yes,operating (SWA),1,Whyte & Mackay,https://www.scotch-whisky.org.uk/media/f2fm4u0u/list-of-current-operating-scotch-whisky-distilleries-for-public-website-september-2026.pdf
isle-of-raasay-distillery,yes,operating (SWA),1,residual,https://www.scotch-whisky.org.uk/media/f2fm4u0u/list-of-current-operating-scotch-whisky-distilleries-for-public-website-september-2026.pdf
isle-of-skye-distillers,yes,not yet producing (unconfirmed),0,residual,https://isleofskyedistillers.com/news/
isle-of-tiree-distillery,yes,operating (SWA),1,residual,https://www.scotch-whisky.org.uk/media/f2fm4u0u/list-of-current-operating-scotch-whisky-distilleries-for-public-website-september-2026.pdf
jackton-distillery,no,operating (SWA),1,residual,https://www.scotch-whisky.org.uk/media/f2fm4u0u/list-of-current-operating-scotch-whisky-distilleries-for-public-website-september-2026.pdf
kilchoman-distillery,yes,operating (SWA),1,residual,https://www.scotch-whisky.org.uk/media/f2fm4u0u/list-of-current-operating-scotch-whisky-distilleries-for-public-website-september-2026.pdf
kingsbarns-distillery,yes,operating (SWA),1,residual,https://www.scotch-whisky.org.uk/media/f2fm4u0u/list-of-current-operating-scotch-whisky-distilleries-for-public-website-september-2026.pdf
kininvie-distillery,yes,operating (SWA),1,William Grant,https://www.scotch-whisky.org.uk/media/f2fm4u0u/list-of-current-operating-scotch-whisky-distilleries-for-public-website-september-2026.pdf
kinrara-distillery,yes,gin / other,0,residual,https://www.kinraradistillery.com/
knockando-distillery,yes,operating (SWA),1,Diageo,https://www.scotch-whisky.org.uk/media/f2fm4u0u/list-of-current-operating-scotch-whisky-distilleries-for-public-website-september-2026.pdf
kythe-distillery,yes,commissioned; outside SWA list,1,residual,https://kythedistillery.com/
lagavulin-distillery,yes,operating (SWA),1,Diageo,https://www.scotch-whisky.org.uk/media/f2fm4u0u/list-of-current-operating-scotch-whisky-distilleries-for-public-website-september-2026.pdf
lagg-distillery,yes,operating (SWA),1,Isle of Arran,https://www.scotch-whisky.org.uk/media/f2fm4u0u/list-of-current-operating-scotch-whisky-distilleries-for-public-website-september-2026.pdf
laggan-bay-distillery,yes,operating (SWA),1,Ian Macleod,https://www.scotch-whisky.org.uk/media/f2fm4u0u/list-of-current-operating-scotch-whisky-distilleries-for-public-website-september-2026.pdf
laphroaig-distillery,yes,operating (SWA),1,Suntory,https://www.scotch-whisky.org.uk/media/f2fm4u0u/list-of-current-operating-scotch-whisky-distilleries-for-public-website-september-2026.pdf
lindores-abbey-distillery,yes,operating (SWA),1,residual,https://www.scotch-whisky.org.uk/media/f2fm4u0u/list-of-current-operating-scotch-whisky-distilleries-for-public-website-september-2026.pdf
linkwood-distillery,yes,operating (SWA),1,Diageo,https://www.scotch-whisky.org.uk/media/f2fm4u0u/list-of-current-operating-scotch-whisky-distilleries-for-public-website-september-2026.pdf
linlithgow-distillery,yes,gin / other,0,residual,https://www.linlithgowdistillery.uk/
loch-lomond-distillery,yes,operating (SWA),2,Loch Lomond,https://www.scotch-whisky.org.uk/media/f2fm4u0u/list-of-current-operating-scotch-whisky-distilleries-for-public-website-september-2026.pdf
lochlea-distillery,yes,operating (SWA),1,residual,https://www.scotch-whisky.org.uk/media/f2fm4u0u/list-of-current-operating-scotch-whisky-distilleries-for-public-website-september-2026.pdf
longmorn-distillery,yes,operating (SWA),1,Pernod Ricard,https://www.scotch-whisky.org.uk/media/f2fm4u0u/list-of-current-operating-scotch-whisky-distilleries-for-public-website-september-2026.pdf
luss-distillery,yes,gin / other,0,residual,https://lussdistillery.com/
macduff-distillery,yes,operating (SWA),1,Bacardi,https://www.scotch-whisky.org.uk/media/f2fm4u0u/list-of-current-operating-scotch-whisky-distilleries-for-public-website-september-2026.pdf
mannochmore-distillery,yes,operating (SWA),1,Diageo,https://www.scotch-whisky.org.uk/media/f2fm4u0u/list-of-current-operating-scotch-whisky-distilleries-for-public-website-september-2026.pdf
miltonduff-distillery,yes,operating (SWA),1,Pernod Ricard,https://www.scotch-whisky.org.uk/media/f2fm4u0u/list-of-current-operating-scotch-whisky-distilleries-for-public-website-september-2026.pdf
moffat-distillery,yes,operating (SWA),1,residual,https://www.scotch-whisky.org.uk/media/f2fm4u0u/list-of-current-operating-scotch-whisky-distilleries-for-public-website-september-2026.pdf
mortlach-distillery,yes,operating (SWA),1,Diageo,https://www.scotch-whisky.org.uk/media/f2fm4u0u/list-of-current-operating-scotch-whisky-distilleries-for-public-website-september-2026.pdf
ncnean-distillery,yes,operating (SWA),1,residual,https://www.scotch-whisky.org.uk/media/f2fm4u0u/list-of-current-operating-scotch-whisky-distilleries-for-public-website-september-2026.pdf
newbridge-bond-the-benriach-distillery-company-limited,yes,warehouse / bottling,0,Brown-Forman,https://www.glenglassaugh.com/benriach-announces-record-profits-and-new-25-million-investment/
north-british-distillery,yes,operating (SWA),1,JV,https://www.scotch-whisky.org.uk/media/f2fm4u0u/list-of-current-operating-scotch-whisky-distilleries-for-public-website-september-2026.pdf
north-point-distillery,no,operating (SWA),1,residual,https://www.scotch-whisky.org.uk/media/f2fm4u0u/list-of-current-operating-scotch-whisky-distilleries-for-public-website-september-2026.pdf
north-uist-distillery,yes,operating (SWA),1,residual,https://www.scotch-whisky.org.uk/media/f2fm4u0u/list-of-current-operating-scotch-whisky-distilleries-for-public-website-september-2026.pdf
oban-distillery,yes,operating (SWA),1,Diageo,https://www.scotch-whisky.org.uk/media/f2fm4u0u/list-of-current-operating-scotch-whisky-distilleries-for-public-website-september-2026.pdf
ogilvy-distillery,yes,gin / other,0,residual,https://ogilvyspirits.com/
persie-distillery,yes,gin / other,0,residual,https://www.persiedistillery.com/team/
port-ellen-distillery,yes,operating (SWA),1,Diageo,https://www.scotch-whisky.org.uk/media/f2fm4u0u/list-of-current-operating-scotch-whisky-distilleries-for-public-website-september-2026.pdf
port-of-leith-distillery,yes,operating (SWA),1,residual,https://www.scotch-whisky.org.uk/media/f2fm4u0u/list-of-current-operating-scotch-whisky-distilleries-for-public-website-september-2026.pdf
pulteney-distillery,yes,operating (SWA),1,Inver House,https://www.scotch-whisky.org.uk/media/f2fm4u0u/list-of-current-operating-scotch-whisky-distilleries-for-public-website-september-2026.pdf
reivers-distillery,yes,operating (SWA),1,Mossburn,https://www.scotch-whisky.org.uk/media/f2fm4u0u/list-of-current-operating-scotch-whisky-distilleries-for-public-website-september-2026.pdf
rhidorroch-distillery-cafe-bar-eatery,yes,gin / other,0,residual,https://rhidorrochdistillery.co.uk/
rosebank-distillery,yes,operating (SWA),1,Ian Macleod,https://www.scotch-whisky.org.uk/media/f2fm4u0u/list-of-current-operating-scotch-whisky-distilleries-for-public-website-september-2026.pdf
roseisle,yes,operating (SWA),1,Diageo,https://www.scotch-whisky.org.uk/media/f2fm4u0u/list-of-current-operating-scotch-whisky-distilleries-for-public-website-september-2026.pdf
royal-brackla,yes,operating (SWA),1,Bacardi,https://www.scotch-whisky.org.uk/media/f2fm4u0u/list-of-current-operating-scotch-whisky-distilleries-for-public-website-september-2026.pdf
royal-lochnagar-distillery,yes,operating (SWA),1,Diageo,https://www.scotch-whisky.org.uk/media/f2fm4u0u/list-of-current-operating-scotch-whisky-distilleries-for-public-website-september-2026.pdf
scapa-distillery,yes,operating (SWA),1,Pernod Ricard,https://www.scotch-whisky.org.uk/media/f2fm4u0u/list-of-current-operating-scotch-whisky-distilleries-for-public-website-september-2026.pdf
speyburn-glenlivet-distillery,yes,operating (SWA),1,Inver House,https://www.scotch-whisky.org.uk/media/f2fm4u0u/list-of-current-operating-scotch-whisky-distilleries-for-public-website-september-2026.pdf
speyside-distillery,yes,closed,0,residual,https://speysidedistillery.co.uk/news/33/34/Speyside-Distillery-A-lost-distillery
springbank-distillery,yes,operating (SWA),1,J & A Mitchell,https://www.scotch-whisky.org.uk/media/f2fm4u0u/list-of-current-operating-scotch-whisky-distilleries-for-public-website-september-2026.pdf
stannergill-distillery,yes,commissioned; outside SWA list,1,residual,https://www.thespiritsbusiness.com/2026/07/stannergill-distillery-starts-production/
starlaw-distillery,yes,operating (SWA),1,La Martiniquaise,https://www.scotch-whisky.org.uk/media/f2fm4u0u/list-of-current-operating-scotch-whisky-distilleries-for-public-website-september-2026.pdf
stirling-distillery,no,operating (SWA),1,residual,https://www.scotch-whisky.org.uk/media/f2fm4u0u/list-of-current-operating-scotch-whisky-distilleries-for-public-website-september-2026.pdf
stornoway-distillers-co,yes,gin / other,0,residual,https://stornowaydistillers.com/
strathclyde-distillery,yes,operating (SWA),1,Pernod Ricard,https://www.scotch-whisky.org.uk/media/f2fm4u0u/list-of-current-operating-scotch-whisky-distilleries-for-public-website-september-2026.pdf
strathearn-distillery,yes,operating (SWA),1,residual,https://www.scotch-whisky.org.uk/media/f2fm4u0u/list-of-current-operating-scotch-whisky-distilleries-for-public-website-september-2026.pdf
strathisla-distillery,yes,operating (SWA),1,Pernod Ricard,https://www.scotch-whisky.org.uk/media/f2fm4u0u/list-of-current-operating-scotch-whisky-distilleries-for-public-website-september-2026.pdf
strathmill,yes,commissioned; outside SWA list,1,Diageo,https://www.malts.com/en-gb/products/strathmill-12-year-old-flora-and-fauna-single-malt-whisky-70cl
talisker-distillery,yes,operating (SWA),1,Diageo,https://www.scotch-whisky.org.uk/media/f2fm4u0u/list-of-current-operating-scotch-whisky-distilleries-for-public-website-september-2026.pdf
tamdhu-distillery,yes,operating (SWA),1,Ian Macleod,https://www.scotch-whisky.org.uk/media/f2fm4u0u/list-of-current-operating-scotch-whisky-distilleries-for-public-website-september-2026.pdf
tamnavulin-distillery,yes,operating (SWA),1,Whyte & Mackay,https://www.scotch-whisky.org.uk/media/f2fm4u0u/list-of-current-operating-scotch-whisky-distilleries-for-public-website-september-2026.pdf
tayport-distillery,yes,gin / other,0,residual,https://www.tayportdistillery.com/
teaninich-distllery,yes,operating (SWA),1,Diageo,https://www.scotch-whisky.org.uk/media/f2fm4u0u/list-of-current-operating-scotch-whisky-distilleries-for-public-website-september-2026.pdf
the-borders-distillery,yes,operating (SWA),1,residual,https://www.scotch-whisky.org.uk/media/f2fm4u0u/list-of-current-operating-scotch-whisky-distilleries-for-public-website-september-2026.pdf
the-cabrach-distillery,yes,operating (SWA),1,residual,https://www.scotch-whisky.org.uk/media/f2fm4u0u/list-of-current-operating-scotch-whisky-distilleries-for-public-website-september-2026.pdf
the-cairn,no,operating (SWA),1,Gordon & MacPhail,https://www.scotch-whisky.org.uk/media/f2fm4u0u/list-of-current-operating-scotch-whisky-distilleries-for-public-website-september-2026.pdf
the-glendronach-distillery,yes,operating (SWA),1,Brown-Forman,https://www.scotch-whisky.org.uk/media/f2fm4u0u/list-of-current-operating-scotch-whisky-distilleries-for-public-website-september-2026.pdf
the-glenlivet,yes,operating (SWA),1,Pernod Ricard,https://www.scotch-whisky.org.uk/media/f2fm4u0u/list-of-current-operating-scotch-whisky-distilleries-for-public-website-september-2026.pdf
the-glenturret-distillery,yes,operating (SWA),1,residual,https://www.scotch-whisky.org.uk/media/f2fm4u0u/list-of-current-operating-scotch-whisky-distilleries-for-public-website-september-2026.pdf
the-macallan-distillery,yes,operating (SWA),1,Edrington,https://www.scotch-whisky.org.uk/media/f2fm4u0u/list-of-current-operating-scotch-whisky-distilleries-for-public-website-september-2026.pdf
the-machrihanish-distillery,yes,not yet producing,0,residual,https://machrihanishdistillery.com/
the-orkney-distillery,yes,operating (SWA),1,residual,https://www.scotch-whisky.org.uk/media/f2fm4u0u/list-of-current-operating-scotch-whisky-distilleries-for-public-website-september-2026.pdf
tobermory-distillery,yes,operating (SWA),1,CVH / Capevin,https://www.scotch-whisky.org.uk/media/f2fm4u0u/list-of-current-operating-scotch-whisky-distilleries-for-public-website-september-2026.pdf
tomatin-distillery,yes,operating (SWA),1,residual,https://www.scotch-whisky.org.uk/media/f2fm4u0u/list-of-current-operating-scotch-whisky-distilleries-for-public-website-september-2026.pdf
tomintoul-distillery,no,operating (SWA),1,Angus Dundee,https://www.scotch-whisky.org.uk/media/f2fm4u0u/list-of-current-operating-scotch-whisky-distilleries-for-public-website-september-2026.pdf
torabhaig,yes,operating (SWA),1,Mossburn,https://www.scotch-whisky.org.uk/media/f2fm4u0u/list-of-current-operating-scotch-whisky-distilleries-for-public-website-september-2026.pdf
tormore-distillery,yes,operating (SWA),1,residual,https://www.scotch-whisky.org.uk/media/f2fm4u0u/list-of-current-operating-scotch-whisky-distilleries-for-public-website-september-2026.pdf
tullibardine-distillery,yes,operating (SWA),1,residual,https://www.scotch-whisky.org.uk/media/f2fm4u0u/list-of-current-operating-scotch-whisky-distilleries-for-public-website-september-2026.pdf
uile-bheist-distillery,no,operating (SWA),1,residual,https://www.scotch-whisky.org.uk/media/f2fm4u0u/list-of-current-operating-scotch-whisky-distilleries-for-public-website-september-2026.pdf
wolfburn-distillery,yes,operating (SWA),1,residual,https://www.scotch-whisky.org.uk/media/f2fm4u0u/list-of-current-operating-scotch-whisky-distilleries-for-public-website-september-2026.pdf
