slug,distillery_name,rank,score,company_num,company_name,status,type,reg_date,nace,last_accounts,address
teeling-distillery,Teeling Distillery,1,1.30,510875,TEELING WHISKEY COMPANY LIMITED,Normal,LTD - Private Company Limited by Shares,2012-03-16,,2025-03-31,"DUBLIN 8, DUBLIN, IRELAND"
teeling-distillery,Teeling Distillery,2,0.80,694792,TEELING CONTRACTING LIMITED,Normal,LTD - Private Company Limited by Shares,2021-05-07,4322.0,2026-04-30,",WICKLOW"
teeling-distillery,Teeling Distillery,3,0.80,580869,TEELING PHARMACIES LIMITED,Normal,LTD - Private Company Limited by Shares,2016-04-18,4773.0,2025-09-30,"CO. SLIGO, SLIGO, IRELAND"
tullamore-d-e-w-distillery,Tullamore D.E.W. Distillery,1,1.30,589310,TULLAMORE FARM LIMITED,Normal,LTD - Private Company Limited by Shares,2016-09-14,150.0,2024-12-31,DUBLIN 12
tullamore-d-e-w-distillery,Tullamore D.E.W. Distillery,2,1.30,410404,M.H.P. (TULLAMORE) LIMITED,Normal,LTD - Private Company Limited by Shares,2005-11-07,,2024-12-31,"TULLAMORE,OFFALY"
tullamore-d-e-w-distillery,Tullamore D.E.W. Distillery,3,1.00,94009,M.E.W. (TULLAMORE) LIMITED,Dissolved,Single member private company limited by shares,1983-04-06,,2014-04-30,"TULLAMORE, OFFALY"
jameson-distillery-midleton,Jameson Distillery Midleton,1,1.00,16239,MIDLETON DISTILLERIES LIMITED,Normal,LTD - Private Company Limited by Shares,1956-09-21,,2025-06-30,"BALLSBRIDGE,DUBLIN"
jameson-distillery-midleton,Jameson Distillery Midleton,2,0.50,9399,"JAMESON & CO, LIMITED",Dissolved-20 years,Private limited by shares,1937-04-01,,1999-04-05,DUBLIN
jameson-distillery-midleton,Jameson Distillery Midleton,3,0.50,66598,T.W. MIDLETON LIMITED,Dissolved,Private,1979-01-17,,,CORK
pearse-lyons-distillery,Pearse Lyons Distillery,1,0.80,99349,PEARSE TRUST UNLIMITED COMPANY,Normal,ULC - Private Unlimited Company,1984-01-24,,2024-12-31,"SANDYFORD,DUBLIN"
pearse-lyons-distillery,Pearse Lyons Distillery,2,0.80,766029,LYONS BAR LIMITED,Normal,LTD - Private Company Limited by Shares,2024-06-17,5630.0,2024-12-31,"Killarney,KERRY"
pearse-lyons-distillery,Pearse Lyons Distillery,3,0.80,496386,DES LYONS PLANT LIMITED,Normal,LTD - Private Company Limited by Shares,2011-03-18,,2025-04-30,"BALLINASLOE,GALWAY"
roe-co-distillery,Roe & Co Distillery,1,1.60,600439,J ROE WHISKEY LIMITED,Normal,LTD - Private Company Limited by Shares,2017-03-15,1101.0,2024-12-31,Dublin
roe-co-distillery,Roe & Co Distillery,2,1.30,698332,B.B+ROE LIMITED,Normal,LTD - Private Company Limited by Shares,2021-06-17,6810.0,2025-06-30,Waterford
roe-co-distillery,Roe & Co Distillery,3,1.30,633154,D & S ROE LIMITED,Normal,LTD - Private Company Limited by Shares,2018-08-31,4531.0,2025-08-31,"DUBLIN 24, DUBLIN, IRELAND"
croithli,Croithlí,1,0.50,321301,CLODAIREACHT CROITHLI TEORANTA,Dissolved,Private limited by shares,2000-02-22,,2005-04-30,"DONEGAL, IRELAND"
kilbeggan-distillery,Kilbeggan Distillery,1,1.20,92996,KILBEGGAN DISTILLERY COMPANY LIMITED,Dissolved,Private,1983-01-27,,2005-04-30,"ROSCREA, TIPPERARY"
kilbeggan-distillery,Kilbeggan Distillery,2,1.00,29701,KILBEGGAN HOLDINGS LIMITED,Dissolved,Private,1969-09-16,,,"MULLINGAR,WESTMEATH"
kilbeggan-distillery,Kilbeggan Distillery,3,1.00,154964,KILBEGGAN WHISKEY UNLIMITED COMPANY,Dissolved,ULC - Private Unlimited Company,1990-02-13,,2014-12-31,"CO. WESTMEATH, WESTMEATH"
dingle-distillery,Dingle Distillery,1,1.00,445155,DINGLE WHISKEY COMPANY LIMITED,Dissolved,Private limited by shares,2007-08-24,,2009-12-31,"DINGLE, KERRY, IRELAND"
dingle-distillery,Dingle Distillery,2,1.00,26568,DINGLE LIMITED,Dissolved,Unknown,,,,********NO ADDRESS DETAILS*******
dingle-distillery,Dingle Distillery,3,1.00,141858,DINGLE TRUST LIMITED,Dissolved,Private limited by shares,1989-03-21,,,DUBLIN 2
waterford-distillery,Waterford Distillery,1,1.80,809063,WATERFORD DISTILLING GROUP LIMITED,Normal,LTD - Private Company Limited by Shares,2026-02-19,1101.0,,"Dublin 1, DUBLIN, Ireland"
waterford-distillery,Waterford Distillery,2,1.50,548210,Spirit of Waterford Distillery LIMITED,Normal,LTD - Private Company Limited by Shares,2014-08-20,,2022-12-31,"DUBLIN 4, DUBLIN, Ireland"
waterford-distillery,Waterford Distillery,3,1.30,538326,THE WATERFORD WHISKEY COMPANY LIMITED,Normal,LTD - Private Company Limited by Shares,2014-01-22,,2025-12-31,"CLONTARF, DUBLIN, IRELAND"
west-cork-distillers,West Cork Distillers,1,1.60,698642,WEST CORK DRINKS  LIMITED,Normal,LTD - Private Company Limited by Shares,2021-06-22,1101.0,2025-05-31,"BANDON,CORK"
west-cork-distillers,West Cork Distillers,2,1.50,452466,WEST CORK DISTILLERS LIMITED,Normal,LTD - Private Company Limited by Shares,2008-01-25,,2024-12-31,"SKIBBEREEN,CORK"
west-cork-distillers,West Cork Distillers,3,1.30,407479,THE WEST CORK HOTEL LIMITED,Normal,LTD - Private Company Limited by Shares,2005-09-01,,2024-12-31,"SKIBBEREEN, CORK, IRELAND"
clonakilty-distillery,Clonakilty Distillery,1,1.80,574822,CLONAKILTY DISTILLERY LIMITED,Normal,LTD - Private Company Limited by Shares,2016-01-08,1101.0,2024-12-31,"Clonakilty, CORK, Ireland"
clonakilty-distillery,Clonakilty Distillery,2,1.30,743575,BREWERY BAR CLONAKILTY LIMITED,Normal,LTD - Private Company Limited by Shares,2023-06-22,5630.0,2025-12-31,"Clonakilty,CORK"
clonakilty-distillery,Clonakilty Distillery,3,1.30,554991,CLONAKILTY BREWING COMPANY LIMITED,Normal,LTD - Private Company Limited by Shares,2014-12-19,,2021-12-31,"CLONAKILTY,CORK"
royal-oak-distillery,Royal Oak Distillery,1,1.50,308613,ROYAL OAK DISTILLERY LIMITED,Normal,LTD - Private Company Limited by Shares,1999-06-24,,2022-12-31,"CO. CARLOW, CARLOW, IRELAND"
royal-oak-distillery,Royal Oak Distillery,2,1.30,31340,THE ROYAL OAK LIMITED,Normal,LTD - Private Company Limited by Shares,1970-05-07,,2025-01-31,"TALLAGHT,DUBLIN"
royal-oak-distillery,Royal Oak Distillery,3,1.00,140405,OAK ROYAL HOLDINGS LIMITED,Dissolved,Private limited by shares,1989-02-16,,,"BANTEER, CORK"
powerscourt-distillery,Powerscourt Distillery,1,1.50,587065,POWERSCOURT DISTILLERY LIMITED,Normal,LTD - Private Company Limited by Shares,2016-08-04,1105.0,2023-12-31,"ENNISKERRY,WICKLOW"
powerscourt-distillery,Powerscourt Distillery,2,1.30,546425,POWERSCOURT WHISKEY LIMITED,Normal,LTD - Private Company Limited by Shares,2014-07-08,,2025-12-31,"ENNISKERRY,WICKLOW"
powerscourt-distillery,Powerscourt Distillery,3,1.00,615410,POWERSCOURT DISTILLERY VC LIMITED,Normal,LTD - Private Company Limited by Shares,2017-11-16,5630.0,2023-12-31,"ENNISKERRY,WICKLOW"
slane-distillery,Slane Distillery,1,1.30,89587,SLANE TRADING COMPANY LIMITED,Normal,LTD - Private Company Limited by Shares,1982-05-28,,2025-03-31,"SLANE, MEATH"
slane-distillery,Slane Distillery,2,1.00,478031,J. J & S HOTEL (SLANE) LIMITED,Dissolved,Private limited by shares,2009-11-27,,,"BLACKROCK, DUBLIN, IRELAND"
slane-distillery,Slane Distillery,3,0.80,798016,BOYLES OF SLANE LIMITED,Normal,LTD - Private Company Limited by Shares,2025-09-22,5630.0,,"Sandycove,DUBLIN"
connacht-whiskey-company,Ballina Whiskey,1,1.30,91266,R.M.H. (BALLINA) LIMITED,Normal,LTD - Private Company Limited by Shares,1982-09-03,,2025-03-31,"CLONSILLA, DUBLIN"
connacht-whiskey-company,Ballina Whiskey,2,1.30,62037,J.B.J. (BALLINA) LIMITED,Normal,LTD - Private Company Limited by Shares,1978-03-23,,2025-02-28,"BALLINA, MAYO"
connacht-whiskey-company,Ballina Whiskey,3,1.00,208972,C & N BALLINA LIMITED,Dissolved,LTD - Private Company Limited by Shares,1993-11-05,,2016-01-08,"CLAREMORRIS, MAYO"
glendalough-distillery,Glendalough Distillery,1,1.00,477755,GLENDALOUGH BREWERIES LIMITED,Dissolved,LTD - Private Company Limited by Shares,2009-11-20,,2015-12-31,"CO. DUBLIN, DUBLIN, IRELAND"
glendalough-distillery,Glendalough Distillery,2,0.80,725875,GLENDALOUGH ADVENTURES LIMITED,Normal,LTD - Private Company Limited by Shares,2022-09-13,5520.0,2025-04-30,"Glendalough, WICKLOW, Ireland"
glendalough-distillery,Glendalough Distillery,3,0.80,624683,GLENDALOUGH GLAMPING LIMITED,Normal,LTD - Private Company Limited by Shares,2018-04-16,5530.0,2025-02-28,"LARAGH, WICKLOW, IRELAND"
hawks-rock-distillery,Hawk's Rock Distillery,1,0.80,730760,T-ROCK HOLDINGS LIMITED,Normal,LTD - Private Company Limited by Shares,2022-12-05,4110.0,,"Clonskeagh,Dublin 4"
hawks-rock-distillery,Hawk's Rock Distillery,2,0.50,690086,ROCK X LIMITED,Dissolved,LTD - Private Company Limited by Shares,2021-03-10,5829.0,2022-04-30,Dublin 7
hawks-rock-distillery,Hawk's Rock Distillery,3,0.50,622829,ROCK UP LIMITED,Dissolved,LTD - Private Company Limited by Shares,2018-03-15,6399.0,,"DUBLIN 5, DUBLIN, IRELAND"
boann-distillery,Boann Distillery,1,1.50,540129,Boann Distillery LIMITED,Normal,LTD - Private Company Limited by Shares,2014-02-25,,2025-06-30,"CO. MEATH.,MEATH"
boann-distillery,Boann Distillery,2,1.00,401937,BOANN LIMITED,Dissolved,LTD - Private Company Limited by Shares,2005-05-10,,2017-03-31,"DONABATE, DUBLIN"
boann-distillery,Boann Distillery,3,0.80,810486,BOANN CONSULTING LIMITED,Normal,LTD - Private Company Limited by Shares,2026-03-11,7022.0,,"Drogheda,LOUTH"
ballykeefe-distillery,Ballykeefe Distillery,1,1.80,563718,BALLYKEEFE DISTILLERY LIMITED,Normal,LTD - Private Company Limited by Shares,2015-06-26,1101.0,2024-12-31,"CO. KILKENNY,KILKENNY"
ballykeefe-distillery,Ballykeefe Distillery,2,0.50,336632,BALLYKEEFE RACEFIELD MANAGEMENT COMPANY COMPANY LIMITED BY GUARANTEE,Normal,CLG - Company Limited by Guarantee,2000-12-15,,2025-12-31,"9 LOWER CECIL STREET, LIMERICK, Ireland"
belfast-distillery,Belfast Distillery,1,0.80,676400,OILBHE BELFAST LIMITED,Normal,LTD - Private Company Limited by Shares,2020-08-25,4791.0,2025-02-25,"DUBLIN 6, DUBLIN, IRELAND"
belfast-distillery,Belfast Distillery,2,0.70,492695,BELFAST DISTILLERY IRELAND LIMITED,Dissolved,LTD - Private Company Limited by Shares,2010-12-14,,2016-12-31,"MALIN, DONEGAL, IRELAND"
belfast-distillery,Belfast Distillery,3,0.63,910536,Belfast Commercial Funding (I) Limited,Normal,External company,2026-03-11,,,",LOUTH"
blacks-brewery-distillery,Blacks Brewery & Distillery,1,0.80,40411,BLACKS (PRINTERS) LIMITED,Normal,LTD - Private Company Limited by Shares,1973-02-06,,2024-12-31,"Cavan, Ireland"
blacks-brewery-distillery,Blacks Brewery & Distillery,2,0.50,95960,BLACKS (CAVAN) LIMITED,Liquidation,CLG - Company Limited by Guarantee,1983-07-26,,2020-12-31,"CO. CAVAN, CAVAN, Ireland"
blacks-brewery-distillery,Blacks Brewery & Distillery,3,0.50,600488,SOLLY BLACK'S LIMITED,Liquidation,LTD - Private Company Limited by Shares,2017-03-15,5510.0,2021-12-31,"DUBLIN, Dublin 2, Ireland"
blackwater-distillery,Blackwater Distillery,1,1.50,543070,BLACKWATER DISTILLERY LIMITED,Normal,LTD - Private Company Limited by Shares,2014-04-28,,2024-12-31,"Ballyduff, WATERFORD, Ireland"
blackwater-distillery,Blackwater Distillery,2,1.30,495402,BLACKWATER BAR LIMITED,Normal,LTD - Private Company Limited by Shares,2011-02-24,,2024-12-31,"VIRGINIA, CAVAN, IRELAND"
blackwater-distillery,Blackwater Distillery,3,1.30,409540,BLACKWATER FARM LIMITED,Normal,LTD - Private Company Limited by Shares,2005-10-17,,2024-12-31,"ADARE,LIMERICK"
cape-clear-distillery,Cape Clear Distillery,1,1.00,370554,CAPE CLEAR HOLDINGS LIMITED,Dissolved,Private limited by shares,2003-05-01,,2008-08-31,"DUBLIN, IRELAND"
cape-clear-distillery,Cape Clear Distillery,2,0.97,795660,CADOGAN CAPE CLEAR LIMITED,Normal,LTD - Private Company Limited by Shares,2025-08-21,4120.0,,"Skibbereen,CORK"
cape-clear-distillery,Cape Clear Distillery,3,0.97,628442,CAPE CLEAR COATINGS LIMITED,Normal,LTD - Private Company Limited by Shares,2018-06-13,4299.0,2026-06-30,"DUBLIN, Dublin 6, Ireland"
cooley-distillery,Cooley Distillery,1,1.50,125363,COOLEY DISTILLERY UNLIMITED COMPANY,Normal,ULC - Private Unlimited Company,1987-09-30,,2024-12-31,"DUNDALK, LOUTH"
cooley-distillery,Cooley Distillery,2,1.00,772978,E COOLEY LIMITED,Dissolved,LTD - Private Company Limited by Shares,2024-10-01,7490.0,2024-12-31,"MALLOW,CORK"
cooley-distillery,Cooley Distillery,3,1.00,244206,COOLEY GROUP,Dissolved,Private unlimited with share capital,1996-02-02,,,DUBLIN
great-northern-distillery,Great Northern Distillery,1,1.50,240181,GREAT NORTHERN DISTILLERY LIMITED,Normal,LTD - Private Company Limited by Shares,1995-10-31,,2025-04-30,"DUBLIN 3, DUBLIN"
great-northern-distillery,Great Northern Distillery,2,1.17,541114,GREAT NORTHERN DISTILLERY (NOMINEE) LIMITED,Normal,LTD - Private Company Limited by Shares,2014-03-14,,2024-12-31,"CLONTARF, DUBLIN, IRELAND"
great-northern-distillery,Great Northern Distillery,3,1.00,34117,GREAT NORTHERN HOTEL GROUP LIMITED,Dissolved,Unknown,,,,********NO ADDRESS DETAILS*******
lough-mask-distillery,Lough Mask Distillery,1,1.00,18072,LOUGH MASK TRUST COMPANY LIMITED,Dissolved,Private,1960-03-16,,,"DUBLIN, Ireland"
lough-mask-distillery,Lough Mask Distillery,2,0.80,705058,THE LOUGH CAFE LIMITED,Normal,LTD - Private Company Limited by Shares,2021-10-01,5610.0,2025-12-31,Cork
lough-mask-distillery,Lough Mask Distillery,3,0.50,54313,LOUGH (PLANT) LIMITED,Dissolved,Private,1976-02-20,,,CORK
lough-ree-distillery,Lough Ree Distillery,1,1.30,769288,LOUGH REE TOURS LIMITED,Normal,LTD - Private Company Limited by Shares,2024-08-07,5010.0,2025-07-31,"Athlone,ROSCOMMON"
lough-ree-distillery,Lough Ree Distillery,2,1.30,510804,LOUGH REE FARMS LIMITED,Normal,LTD - Private Company Limited by Shares,2012-03-14,,2025-12-31,"ATHLONE,WESTMEATH"
lough-ree-distillery,Lough Ree Distillery,3,0.97,815650,LOUGH REE CONSTRUCTION LIMITED,Normal,LTD - Private Company Limited by Shares,2026-05-14,4120.0,,"LANESBOROUGH,LONGFORD"
rademon-estate-distillery,Rademon Estate Distillery,1,1.00,635539,RADEMON ESTATE DISTILLERY IRELAND LIMITED,Dissolved,LTD - Private Company Limited by Shares,2018-10-10,1101.0,2023-12-31,DUBLIN 18
scotts-irish-distillery,Scotts Irish Distillery,1,1.00,735203,DISTILLING AND IRISH SPIRITS TRADING  LIMITED,Normal,LTD - Private Company Limited by Shares,2023-02-17,4634.0,2025-12-31,"DUBLIN,Dublin 15"
scotts-irish-distillery,Scotts Irish Distillery,2,1.00,566097,CRAFT IRISH DISTILLING CO LIMITED,Normal,LTD - Private Company Limited by Shares,2015-08-06,7490.0,2023-12-31,"DUBLIN 2, DUBLIN, IRELAND"
scotts-irish-distillery,Scotts Irish Distillery,3,1.00,5121,IRISH DISTILLERS GROUP UNLIMITED COMPANY,Normal,ULC - Private Unlimited Company,1921-03-08,,2025-06-30,"BALLSBRIDGE,DUBLIN"
skellig-six18-distillery,Skellig Six18 Distillery,1,1.00,589603,SKELLIG DISTILLERS LIMITED,Normal,LTD - Private Company Limited by Shares,2016-09-19,5629.0,2024-12-31,"CO. KERRY.,KERRY"
sliabh-liag-distillery,Sliabh Liag Distillers Bottling & Administration Centre,1,0.80,780737,SLIABH LIAG TOURS LIMITED,Normal,LTD - Private Company Limited by Shares,2025-01-31,4931.0,2025-10-31,"Teelin,DONEGAL"
sliabh-liag-distillery,Sliabh Liag Distillers Bottling & Administration Centre,2,0.70,790829,SLIABH LIAG RENTALS LIMITED,Normal,LTD - Private Company Limited by Shares,2025-06-17,5520.0,,"Letterkenny,DONEGAL"
sliabh-liag-distillery,Sliabh Liag Distillers Bottling & Administration Centre,3,0.70,766531,SLIABH LIAG SAUNAS LIMITED,Normal,LTD - Private Company Limited by Shares,2024-06-24,8299.0,2025-12-24,"Kilcar,DONEGAL"
the-quiet-man-distillery,The Quiet Man Distillery,1,0.80,705624,THE QUIET FARM LIMITED,Normal,LTD - Private Company Limited by Shares,2021-10-08,5911.0,2025-12-31,"Aglish, Cappoquin, WATERFORD, Ireland"
the-quiet-man-distillery,The Quiet Man Distillery,2,0.50,440809,V-MAN PLANT LIMITED,Dissolved,Private limited by shares,2007-06-06,,2008-11-30,"BALLYMORE EUSTACE, KILDARE, IRELAND"
the-quiet-man-distillery,The Quiet Man Distillery,3,0.50,345301,QUIET MAN COUNTRY PROMOTIONS LIMITED,Dissolved,Private limited by shares,2001-07-09,,,"BALLINA,MAYO"
tipperary-distillery,Tipperary Distillery,1,1.50,549257,TIPPERARY BOUTIQUE DISTILLERY LIMITED,Normal,LTD - Private Company Limited by Shares,2014-09-08,,2024-12-31,"CLONMEL,TIPPERARY"
tipperary-distillery,Tipperary Distillery,2,1.30,537948,TIPPERARY HOUSE LIMITED,Normal,LTD - Private Company Limited by Shares,2014-01-15,,2025-12-31,"DUBLIN 8, DUBLIN, IRELAND"
tipperary-distillery,Tipperary Distillery,3,1.20,49158,TIPPERARY DISTILLERS LIMITED,Dissolved,Private,1974-09-20,,,********NO ADDRESS DETAILS*******
walsh-whiskey-distillery,Walsh Whiskey Distillery,1,1.30,784170,D & D WALSH FARM LIMITED,Normal,LTD - Private Company Limited by Shares,2025-03-14,150.0,,"TULLAMORE,OFFALY"
walsh-whiskey-distillery,Walsh Whiskey Distillery,2,1.30,719899,C & C WALSH HOLDINGS LIMITED,Normal,LTD - Private Company Limited by Shares,2022-05-25,6420.0,2025-04-30,"Dundalk,LOUTH"
walsh-whiskey-distillery,Walsh Whiskey Distillery,3,1.30,705806,A&E WALSH HOLDINGS LIMITED,Normal,LTD - Private Company Limited by Shares,2021-10-11,6420.0,2024-12-31,"Castleisland,KERRY"
wayward-irish-distillery,Wayward Irish Distillery,1,1.00,735203,DISTILLING AND IRISH SPIRITS TRADING  LIMITED,Normal,LTD - Private Company Limited by Shares,2023-02-17,4634.0,2025-12-31,"DUBLIN,Dublin 15"
wayward-irish-distillery,Wayward Irish Distillery,2,1.00,566097,CRAFT IRISH DISTILLING CO LIMITED,Normal,LTD - Private Company Limited by Shares,2015-08-06,7490.0,2023-12-31,"DUBLIN 2, DUBLIN, IRELAND"
wayward-irish-distillery,Wayward Irish Distillery,3,1.00,5121,IRISH DISTILLERS GROUP UNLIMITED COMPANY,Normal,ULC - Private Unlimited Company,1921-03-08,,2025-06-30,"BALLSBRIDGE,DUBLIN"
portmagee,Portmagee,1,1.50,596732,PORTMAGEE DISTILLING AND BREWING COMPANY LIMITED,Normal,LTD - Private Company Limited by Shares,2017-01-18,3299.0,2025-12-31,", Ireland"
portmagee,Portmagee,2,0.80,710553,PORTMAGEE PLANT HIRE LIMITED,Normal,LTD - Private Company Limited by Shares,2021-12-21,161.0,2024-12-31,"KILLARNEY,KERRY"
portmagee,Portmagee,3,0.80,648646,PORTMAGEE SHELLFISH LIMITED,Normal,LTD - Private Company Limited by Shares,2019-04-24,6420.0,2025-07-31,"PORTMAGEE, KERRY, IRELAND"
titanic-distillers,Titanic Distillers,1,1.00,281044,TITANIC TRUST LIMITED,Dissolved,Private limited by shares,1998-02-27,,,DUBLIN
titanic-distillers,Titanic Distillers,2,0.80,453718,THE TITANIC TRAIL LIMITED,Normal,LTD - Private Company Limited by Shares,2008-02-21,,2025-02-28,"COBH,CORK"
titanic-distillers,Titanic Distillers,3,0.63,495320,TITANIC EXPERIENCE COBH LIMITED,Normal,LTD - Private Company Limited by Shares,2011-02-22,,2024-12-31,"COBH, CORK, IRELAND"
daly-s-distillery,Daly's Distillery,1,1.30,382156,DALYS DRINKS LIMITED,Normal,LTD - Private Company Limited by Shares,2004-02-20,,2025-03-31,"BOYLE, ROSCOMMON, IRELAND"
daly-s-distillery,Daly's Distillery,2,1.00,13287,DALY'S LIMITED,Dissolved,Unknown,,,,********NO ADDRESS DETAILS*******
daly-s-distillery,Daly's Distillery,3,0.80,786944,DALY'S AGRI FARM  LIMITED,Normal,LTD - Private Company Limited by Shares,2025-04-23,141.0,,Laois
church-of-oak-distillery,Church of Oak Distillery,1,0.80,666223,OAK UP LIMITED,Normal,LTD - Private Company Limited by Shares,2020-02-11,9319.0,2025-01-31,"DUBLIN,Dublin 14"
church-of-oak-distillery,Church of Oak Distillery,2,0.80,512439,THE CHURCH RESTAURANT LIMITED,Normal,LTD - Private Company Limited by Shares,2012-04-25,,2021-08-31,"MULLINGAR,WESTMEATH"
church-of-oak-distillery,Church of Oak Distillery,3,0.50,623871,OAK BOUTIQUE LIMITED,Dissolved,LTD - Private Company Limited by Shares,2018-04-05,4616.0,2019-08-31,"LUCAN, DUBLIN, IRELAND"
achill-island-distillery,Achill Island Distillery,1,0.97,715545,ACHILL ISLAND KITCHEN LIMITED,Normal,LTD - Private Company Limited by Shares,2022-03-16,4722.0,2025-03-31,"Achill, MAYO, Ireland"
achill-island-distillery,Achill Island Distillery,2,0.80,49581,ISLAND TRUST LIMITED,Normal,LTD - Private Company Limited by Shares,1974-11-04,,2018-12-31,", Ireland"
achill-island-distillery,Achill Island Distillery,3,0.80,466444,UNIT 7 ISLAND HOLDINGS LIMITED,Normal,LTD - Private Company Limited by Shares,2009-01-19,,2024-12-31,"CO. CORK,CORK"
ardara-distillery,Ardara Distillery,1,1.00,304785,ARDARA HOLDINGS LIMITED,Dissolved,LTD - Private Company Limited by Shares,1999-04-07,,2009-12-31,DUBLIN 2
ardara-distillery,Ardara Distillery,2,0.80,650719,CAMPBELL'S OF ARDARA LIMITED,Normal,LTD - Private Company Limited by Shares,2019-05-27,4771.0,2026-04-30,"ARDARA, DONEGAL, IRELAND"
ardara-distillery,Ardara Distillery,3,0.80,586778,ARDARA VENTURES LIMITED,Normal,LTD - Private Company Limited by Shares,2016-07-28,6420.0,2025-12-31,",LIMERICK"
fore-distillery,Fore Distillery,1,1.80,720627,FORE DISTILLERY LIMITED,Normal,LTD - Private Company Limited by Shares,2022-06-07,1101.0,2025-08-31,"OLDCASTLE,MEATH"
fore-distillery,Fore Distillery,2,0.80,645689,FORE RIGHT LIMITED,Normal,LTD - Private Company Limited by Shares,2019-03-12,6420.0,2025-04-30,"MULLINGAR, WESTMEATH, IRELAND"
fore-distillery,Fore Distillery,3,0.80,631298,FORE LENE LIMITED,Normal,LTD - Private Company Limited by Shares,2018-07-31,7022.0,2024-12-31,"CASTLEKNOCK,DUBLIN"
j-j-corry-irish-whiskey,J.J. Corry Irish Whiskey,1,1.00,735203,DISTILLING AND IRISH SPIRITS TRADING  LIMITED,Normal,LTD - Private Company Limited by Shares,2023-02-17,4634.0,2025-12-31,"DUBLIN,Dublin 15"
j-j-corry-irish-whiskey,J.J. Corry Irish Whiskey,2,1.00,566097,CRAFT IRISH DISTILLING CO LIMITED,Normal,LTD - Private Company Limited by Shares,2015-08-06,7490.0,2023-12-31,"DUBLIN 2, DUBLIN, IRELAND"
j-j-corry-irish-whiskey,J.J. Corry Irish Whiskey,3,1.00,5121,IRISH DISTILLERS GROUP UNLIMITED COMPANY,Normal,ULC - Private Unlimited Company,1921-03-08,,2025-06-30,"BALLSBRIDGE,DUBLIN"
the-shed-distillery,The Shed Distillery,1,1.00,38287,SHED LIMITED,Dissolved,Private,1972-08-17,,,DUBLIN
the-shed-distillery,The Shed Distillery,2,0.80,814181,MADE IN SHED LIMITED,Normal,LTD - Private Company Limited by Shares,2026-04-23,7022.0,,"Enniskeane,CORK"
the-shed-distillery,The Shed Distillery,3,0.80,796424,MY SHED SHOP LIMITED,Normal,LTD - Private Company Limited by Shares,2025-09-02,4399.0,,"CARRICK ON SHANNON,LEITRIM"
garden-county-distillery,Garden County Distillery,1,1.50,648539,GARDEN COUNTY DISTILLERY LIMITED,Normal,LTD - Private Company Limited by Shares,2019-04-24,5630.0,2024-12-31,"Rathnew, WICKLOW, Ireland"
garden-county-distillery,Garden County Distillery,2,0.97,762422,GARDEN COUNTY SPORT LIMITED,Normal,LTD - Private Company Limited by Shares,2024-04-22,5911.0,2025-04-30,"CARNEW,WICKLOW"
garden-county-distillery,Garden County Distillery,3,0.97,704130,GARDEN COUNTY EYECARE  LIMITED,Normal,LTD - Private Company Limited by Shares,2021-09-17,4778.0,2024-12-31,"RANELAGH,Dublin 6"
old-carrick-mill-distillery,Old Carrick Mill Distillery,1,1.30,551168,OLD CARRICK MILL LIMITED,Normal,LTD - Private Company Limited by Shares,2014-10-16,,2024-12-31,"Carrickmacross,MONAGHAN"
old-carrick-mill-distillery,Old Carrick Mill Distillery,2,0.97,582543,OLD MILL FARM LIMITED,Normal,LTD - Private Company Limited by Shares,2016-05-17,141.0,2024-12-31,"CO. LIMERICK, LIMERICK, IRELAND"
old-carrick-mill-distillery,Old Carrick Mill Distillery,3,0.80,771433,OLD MILL ENERGY LIMITED,Normal,LTD - Private Company Limited by Shares,2024-09-06,7490.0,2025-12-31,"Dunboyne,MEATH"
dundalk-bay-brewery-distillery,Dundalk Bay Brewery & Distillery,1,1.50,550243,DUNDALK BAY BREWERY AND DISTILLERY CO. LIMITED,Normal,LTD - Private Company Limited by Shares,2014-09-26,,2025-12-31,"DUNDALK, LOUTH, IRELAND"
dundalk-bay-brewery-distillery,Dundalk Bay Brewery & Distillery,2,1.00,503670,DUNDALK DISTILLERY LIMITED,Normal,LTD - Private Company Limited by Shares,2011-09-16,,2025-12-31,"DUBLIN 3, DUBLIN, IRELAND"
dundalk-bay-brewery-distillery,Dundalk Bay Brewery & Distillery,3,0.97,542183,DUNDALK BAY TOURISM LIMITED,Normal,LTD - Private Company Limited by Shares,2014-04-07,,2024-01-31,"DROMISKIN, LOUTH, IRELAND"
crafted-spirits-distillery,Crafted Spirits Distillery,1,1.30,572896,CRAFTED SPIRITS LIMITED,Normal,LTD - Private Company Limited by Shares,2015-12-04,7490.0,2025-12-31,", Ireland"
crafted-spirits-distillery,Crafted Spirits Distillery,2,0.80,775145,CRAFTED EDGES LIMITED,Normal,LTD - Private Company Limited by Shares,2024-11-05,7022.0,2025-12-31,Dublin 15
crafted-spirits-distillery,Crafted Spirits Distillery,3,0.80,758294,J.A.M CRAFTED LIVING LIMITED,Normal,LTD - Private Company Limited by Shares,2024-02-23,6810.0,2025-02-28,"ARVA,CAVAN"
tullamaine-distillery,Tullamaine Distillery,1,1.80,621121,TULLAMAINE DISTILLERY LIMITED,Normal,LTD - Private Company Limited by Shares,2018-02-16,1101.0,2026-03-31,"FETHARD,TIPPERARY"
tullamaine-distillery,Tullamaine Distillery,2,0.50,368448,TULLAMAINE HOMES LIMITED,Dissolved,LTD - Private Company Limited by Shares,2003-03-10,,2019-03-31,"FETHARD, TIPPERARY, IRELAND"
tullamaine-distillery,Tullamaine Distillery,3,0.50,107001,TULLAMAINE TRANSPORT LIMITED,Dissolved,Private limited by shares,1985-05-01,,,"CASHEL,TIPPERARY"
rebel-city-distillery,Rebel City Distillery,1,1.80,605220,REBEL CITY DISTILLERY LIMITED,Normal,LTD - Private Company Limited by Shares,2017-05-30,1101.0,2026-05-31,"CO. CORK, CORK, IRELAND"
rebel-city-distillery,Rebel City Distillery,2,0.80,792292,REBEL CITY AUTO TRADERS LIMITED,Normal,LTD - Private Company Limited by Shares,2025-07-07,4511.0,,Cork
rebel-city-distillery,Rebel City Distillery,3,0.80,777881,C&S CITY LIMITED,Normal,LTD - Private Company Limited by Shares,2024-12-16,5610.0,,"Tuam Road,GALWAY"
burren-distillers,Burren Distillers,1,1.50,527647,BURREN DISTILLERS LIMITED,Normal,LTD - Private Company Limited by Shares,2013-05-16,,2024-12-31,"BALLYVAUGHAN, CLARE, Ireland"
burren-distillers,Burren Distillers,2,1.30,805293,BURREN FARM LIMITED,Normal,LTD - Private Company Limited by Shares,2026-01-07,9329.0,,"Tubber,CLARE"
burren-distillers,Burren Distillers,3,1.30,451386,BURREN HEAD LIMITED,Normal,LTD - Private Company Limited by Shares,2008-01-07,,2025-12-31,"Galway, Ireland"
beara-distillery-ltd,Beara Distillery Ltd,1,1.80,603421,BEARA DISTILLERY LIMITED,Normal,LTD - Private Company Limited by Shares,2017-05-02,1101.0,2025-12-31,"CASTLETOWNBERE, CORK, IRELAND"
beara-distillery-ltd,Beara Distillery Ltd,2,1.00,39816,BEARA TRADING COMPANY LIMITED,Dissolved,Private,1972-12-19,,,DUBLIN
beara-distillery-ltd,Beara Distillery Ltd,3,1.00,282816,D.J.H. BEARA LIMITED,Dissolved,Private limited by shares,1998-03-30,,1999-03-31,"DUBLIN, Ireland"
1601-distillery,1601 Distillery,1,1.00,355985,THE 1601 BAR LIMITED,Dissolved,Private limited by shares,2002-04-22,,2003-12-31,"KINSALE, CORK, IRELAND"
1601-distillery,1601 Distillery,2,0.83,354071,1601 RED HUGH DISTILLERY LIMITED,Normal,LTD - Private Company Limited by Shares,2002-03-04,,2024-12-31,"CO. CORK, CORK, IRELAND"
1601-distillery,1601 Distillery,3,0.55,584964,"GY AVIATION LEASE 1601 CO., LIMITED",Normal,LTD - Private Company Limited by Shares,2016-06-27,7735.0,2025-12-31,"George's Quay,Dublin 2"
irish-distillers-dungourney,Irish Distillers Dungourney,1,1.00,735203,DISTILLING AND IRISH SPIRITS TRADING  LIMITED,Normal,LTD - Private Company Limited by Shares,2023-02-17,4634.0,2025-12-31,"DUBLIN,Dublin 15"
irish-distillers-dungourney,Irish Distillers Dungourney,2,1.00,566097,CRAFT IRISH DISTILLING CO LIMITED,Normal,LTD - Private Company Limited by Shares,2015-08-06,7490.0,2023-12-31,"DUBLIN 2, DUBLIN, IRELAND"
irish-distillers-dungourney,Irish Distillers Dungourney,3,1.00,5121,IRISH DISTILLERS GROUP UNLIMITED COMPANY,Normal,ULC - Private Unlimited Company,1921-03-08,,2025-06-30,"BALLSBRIDGE,DUBLIN"
ahascragh-distillery,Ahascragh Distillery,1,1.50,630257,AHASCRAGH DISTILLERS  LIMITED,Normal,LTD - Private Company Limited by Shares,2018-07-13,4618.0,2024-12-31,"Ahascragh, GALWAY, Ireland"
ahascragh-distillery,Ahascragh Distillery,2,1.30,704206,AHASCRAGH SPIRITS LIMITED,Normal,LTD - Private Company Limited by Shares,2021-09-21,6420.0,2024-12-31,"BALLINASLOE,GALWAY"
ahascragh-distillery,Ahascragh Distillery,3,1.00,269972,L.C.M. (AHASCRAGH) LIMITED,Dissolved,Private limited by shares,1997-07-30,,2005-12-16,"BALLINASLOE,GALWAY"
dublin-liberties-distillery,The Dublin Liberties Distillery,1,1.30,519122,THE DUBLIN LIBERTIES WHISKEY COMPANY LIMITED,Normal,LTD - Private Company Limited by Shares,2012-10-22,,2024-12-31,"ABBEYLEIX, LAOIS, IRELAND"
dublin-liberties-distillery,The Dublin Liberties Distillery,2,1.00,546482,DUBLIN WHISKEY DISTILLERY COMPANY LIMITED,Normal,LTD - Private Company Limited by Shares,2014-07-09,,2024-06-30,"CLONTARF, DUBLIN, IRELAND"
dublin-liberties-distillery,The Dublin Liberties Distillery,3,0.80,781958,LIBERTIES PLANT CO LIMITED,Normal,LTD - Private Company Limited by Shares,2025-02-20,4618.0,2025-12-31,Dublin 8
lambay-whiskey,Lambay Whiskey,1,1.30,15588,LAMBAY ESTATE LIMITED,Normal,LTD - Private Company Limited by Shares,1955-03-31,,2024-12-31,"RUSH, DUBLIN"
lambay-whiskey,Lambay Whiskey,2,1.00,191899,LAMBAY TRADING LIMITED,Dissolved,Private limited by shares,1992-07-31,,,"DUBLIN 2, DUBLIN"
lambay-whiskey,Lambay Whiskey,3,0.85,597890,LAMBAY IRISH WHISKEY DESIGNATED ACTIVITY COMPANY,Normal,DAC - Designated Activity Company (limited by shares),2017-02-08,1101.0,2024-12-31,"CO. DUBLIN, DUBLIN, IRELAND"
listoke-distillery,Listoke Distillery & Gin School,1,1.30,575316,LISTOKE DISTILLERY LIMITED,Normal,LTD - Private Company Limited by Shares,2016-01-18,1101.0,2022-12-31,",LOUTH"
listoke-distillery,Listoke Distillery & Gin School,2,0.80,822682,THE SCHOOL HOUSE CAFE LIMITED,Normal,LTD - Private Company Limited by Shares,2026-07-31,5610.0,,"Ferns,WEXFORD"
listoke-distillery,Listoke Distillery & Gin School,3,0.50,650217,WHISKEY SCHOOL LIMITED,Dissolved,LTD - Private Company Limited by Shares,2019-05-20,8559.0,,"CO. DUBLIN,DUBLIN"
ballyvolane-house-spirits,Ballyvolane House Spirits,1,1.30,754229,BALLYVOLANE FARM LIMITED,Normal,LTD - Private Company Limited by Shares,2023-12-15,150.0,2025-12-31,"CASTLELYONS,CORK"
ballyvolane-house-spirits,Ballyvolane House Spirits,2,1.30,645884,BALLYVOLANE HOUSE LIMITED,Normal,LTD - Private Company Limited by Shares,2019-03-14,5629.0,2024-12-31,"CASTLELYONS,CORK"
ballyvolane-house-spirits,Ballyvolane House Spirits,3,1.30,469476,BALLYVOLANE HOUSE SPIRITS COMPANY LIMITED,Normal,LTD - Private Company Limited by Shares,2009-04-06,,2025-04-30,"CASTLELYONS,CORK"
baoilleach-distillery,Baoilleach Distillery,1,1.60,644205,BAOILLEACH TEORANTA,Normal,LTD - Private Company Limited by Shares,2019-02-21,1101.0,2025-12-31,"CARRIGART, DONEGAL, IRELAND"
glendree-distillery,Glendree Distillery,1,1.00,362536,GLENDREE LIMITED,Dissolved,Private limited by shares,2002-10-11,,2006-06-30,"CO CLARE, CLARE, IRELAND"
