slug,distillery_name,country,registry,company_number,company_name,relation,match_method,confidence,verified,source,note
destilerias-liber,Destilerías Liber,Spain,es-rgseaa,30.08382/GR,DESTILERIAS Y DISTRIBUCIONES LIBER S.L.,self,rgseaa-bulk-name,low,,https://www.aesan.gob.es/registro-sanitario/empresas-alimentarias,"name jaccard 0.50; RGSEAA key 30 bebidas alcoholicas; establishment POL. IND. LA PALOMA, PARC. F, Granada (Andalucía) (province agrees); list dated 1 Sep 2026; no NIF in the list"
destileria-rios,Destilería Rios,Spain,es-rgseaa,30.04243/V,"DESTILERIAS RIOS, S.A.",self,rgseaa-bulk-name,medium,,https://www.aesan.gob.es/registro-sanitario/empresas-alimentarias,"name jaccard 1.00; RGSEAA key 30 bebidas alcoholicas; establishment AVDA PAIS VALENCIA Num. 71, Valencia (Comunidad Valenciana) (province agrees); list dated 1 Sep 2026; no NIF in the list"
destileria-rios,Destilería Rios,Spain,es-rgseaa,30.11276/V,"VINOS Y LICORES RIOS, S.L.",self,rgseaa-bulk-name,low,,https://www.aesan.gob.es/registro-sanitario/empresas-alimentarias,"name jaccard 0.50; RGSEAA key 30 bebidas alcoholicas; establishment AVDA PAIS VALENCIA Num. 71 B, Valencia (Comunidad Valenciana) (province agrees); list dated 1 Sep 2026; no NIF in the list"
truebano-aguardientes-s-l,Truébano Aguardientes S.L.,Spain,es-rgseaa,30.04386/LE,"TRUEBANO AGUARDIENTES, S. L.",self,rgseaa-bulk-name,high,,https://www.aesan.gob.es/registro-sanitario/empresas-alimentarias,"name jaccard 1.00; RGSEAA key 30 bebidas alcoholicas; establishment CALLE MESON 1, León (Castilla y León); list dated 1 Sep 2026; no NIF in the list"
aguilar-destilerias,Aguilar Destilerias,Spain,es-rgseaa,30.04491/A,"DESTILERIAS AGUILAR, S.A.",self,rgseaa-bulk-name,high,,https://www.aesan.gob.es/registro-sanitario/empresas-alimentarias,"name jaccard 1.00; RGSEAA key 30 bebidas alcoholicas; establishment CTRA N-332 Km. 195,7    PTDA MATOSES, 23, Alicante (Comunidad Valenciana); list dated 1 Sep 2026; no NIF in the list"
vanagandr-destilerias-s-l,Vánagandr Destilerías S. L.,Spain,es-rgseaa,30.013160/C,VANAGANDR DESTILERIAS SL,self,rgseaa-bulk-name,medium,,https://www.aesan.gob.es/registro-sanitario/empresas-alimentarias,"name jaccard 1.00; RGSEAA key 30 bebidas alcoholicas; establishment LUGAR A TELVA Nº13, BAIXO ESQ. SIGRAS, La Coruña (Galicia); list dated 1 Sep 2026; no NIF in the list"
licores-de-mariola,Licores de Mariola,Spain,es-rgseaa,30.01253/A,LICORES DE MARIOLA S.A.,self,rgseaa-bulk-name,high,,https://www.aesan.gob.es/registro-sanitario/empresas-alimentarias,"name jaccard 1.00; RGSEAA key 30 bebidas alcoholicas; establishment C\ BARRANC DEL SINÇ Num. 24, Alicante (Comunidad Valenciana); list dated 1 Sep 2026; no NIF in the list"
destileria-de-arehucas,Destilería de Arehucas,Spain,es-rgseaa,30.01468/GC,"DESTILERIAS AREHUCAS, S.A.",self,rgseaa-bulk-name,medium,,https://www.aesan.gob.es/registro-sanitario/empresas-alimentarias,"name jaccard 1.00; RGSEAA key 30 bebidas alcoholicas; establishment C/ ERA SAN PEDRO, 2, Las Palmas (Canarias) (province agrees); list dated 1 Sep 2026; no NIF in the list"
destileria-de-arehucas,Destilería de Arehucas,Spain,es-rgseaa,30.05108/GC,"Destilerías Arehucas, S.A.",self,rgseaa-bulk-name,medium,,https://www.aesan.gob.es/registro-sanitario/empresas-alimentarias,"name jaccard 1.00; RGSEAA key 30 bebidas alcoholicas; establishment Buzo, s/n, Las Palmas (Canarias) (province agrees); list dated 1 Sep 2026; no NIF in the list"
destileria-sinc,Destilería Sinc,Spain,es-rgseaa,30.01321/A,"LICORES SINC, S.A.",self,rgseaa-bulk-name,medium,,https://www.aesan.gob.es/registro-sanitario/empresas-alimentarias,"name jaccard 1.00; RGSEAA key 30 bebidas alcoholicas; establishment POLIG IND. COTES BAIXES C/ C Parcela 3, Alicante (Comunidad Valenciana) (province agrees); list dated 1 Sep 2026; no NIF in the list"
la-navarra-sa,La Navarra SA,Spain,es-rgseaa,30.02193/NA,"DESTILERIAS LA NAVARRA, S.A.",self,rgseaa-bulk-name,low,,https://www.aesan.gob.es/registro-sanitario/empresas-alimentarias,"name jaccard 1.00; RGSEAA key 30 bebidas alcoholicas; establishment POL. IND. LA ALBERGUERIA C/ JESUS LANDALUCE Nº 3, Comunidad Foral de Navarra (Comunidad Foral de Navarra); list dated 1 Sep 2026; no NIF in the list"
siderit,Siderit,Spain,es-rgseaa,30.012213/S,DESTILERIA SIDERIT SL,self,rgseaa-bulk-name,medium,,https://www.aesan.gob.es/registro-sanitario/empresas-alimentarias,"name jaccard 1.00; RGSEAA key 30 bebidas alcoholicas; establishment BARRIO LOS RIEGOS, Nº 5-NAVE Nº1, Cantabria (Cantabria) (province agrees); list dated 1 Sep 2026; no NIF in the list"
siderit,Siderit,Spain,es-rgseaa,30.014357/S,DESTILERIA SIDERIT SL,self,rgseaa-bulk-name,medium,,https://www.aesan.gob.es/registro-sanitario/empresas-alimentarias,"name jaccard 1.00; RGSEAA key 30 bebidas alcoholicas; establishment BARRIO LOS RIEGOS, Nº 5 NAVE Nº1, Cantabria (Cantabria) (province agrees); list dated 1 Sep 2026; no NIF in the list"
grupo-picuezo,Grupo Picuezo,Spain,es-rgseaa,30.015225/NA,GRUPO DE BEBIDAS PICUEZO SL,self,rgseaa-bulk-name,medium,,https://www.aesan.gob.es/registro-sanitario/empresas-alimentarias,"name jaccard 0.67; RGSEAA key 30 bebidas alcoholicas; establishment POLIGONO 1 PARCELA 1005, Comunidad Foral de Navarra (Comunidad Foral de Navarra); list dated 1 Sep 2026; no NIF in the list"
bunker-distillery,Bunker Distillery,Spain,es-rgseaa,30.014447/LE,"BUNKER DISTILLERY, S.L.",self,rgseaa-bulk-name,medium,,https://www.aesan.gob.es/registro-sanitario/empresas-alimentarias,"name jaccard 1.00; RGSEAA key 30 bebidas alcoholicas; establishment AVENIDA ANTIBIOTICOS 73, León (Castilla y León); list dated 1 Sep 2026; no NIF in the list"
basque-moonshiners,Basque Moonshiners,Spain,es-rgseaa,30.013213/VI,"BASQUE MOONSHINERS,SL",self,rgseaa-bulk-name,medium,,https://www.aesan.gob.es/registro-sanitario/empresas-alimentarias,"name jaccard 1.00; RGSEAA key 30 bebidas alcoholicas; establishment Düsseldorf (Calle/Kalea) , Num: 5, 21 - 01010 y Zurrupieta (Calle/Kalea) , Num: 26, 10 A - 01015 , -, Álava (Euskadi); list dated 1 Sep 2026; no NIF in the list"
adegas-moure-destileria,ADEGAS MOURE - DESTILERIA,Spain,es-rgseaa,30.06488/LU,"ADEGAS MOURE, S.A.",self,rgseaa-bulk-name,high,,https://www.aesan.gob.es/registro-sanitario/empresas-alimentarias,"name jaccard 1.00; RGSEAA key 30 bebidas alcoholicas; establishment LG. DE CUÑAS - A COVA, S/N, Lugo (Galicia) (province agrees); list dated 1 Sep 2026; no NIF in the list"
adegas-moure-destileria,ADEGAS MOURE - DESTILERIA,Spain,es-rgseaa,30.02998/LU,"ADEGAS MOURE, S.A.",self,rgseaa-bulk-name,high,,https://www.aesan.gob.es/registro-sanitario/empresas-alimentarias,"name jaccard 1.00; RGSEAA key 30 bebidas alcoholicas; establishment POLIGONO INDUSTRIAL ESCAIRON,P-11-12, Lugo (Galicia) (province agrees); list dated 1 Sep 2026; no NIF in the list"
mallorca-gin-distillery,Mallorca Gin Distillery,Spain,es-rgseaa,30.014999/IB,"MALLORCA DISTILLERY, SL",self,rgseaa-bulk-name,medium,,https://www.aesan.gob.es/registro-sanitario/empresas-alimentarias,"name jaccard 1.00; RGSEAA key 30 bebidas alcoholicas; establishment GREMI SUCRES I CANDELERS, 20, NAU 4, Illes Balears (Illes Balears) (province agrees); list dated 1 Sep 2026; no NIF in the list"
mallorca-gin-distillery,Mallorca Gin Distillery,Spain,es-rgseaa,30.03196/PM,"BODEGAS Y DESTILERIAS DE MALLORCA, S.A.",self,rgseaa-bulk-name,medium,,https://www.aesan.gob.es/registro-sanitario/empresas-alimentarias,"name jaccard 1.00; RGSEAA key 30 bebidas alcoholicas; establishment CMNO CABANA Nave 12 PONT D'INCA, Illes Balears (Illes Balears) (province agrees); list dated 1 Sep 2026; no NIF in the list"
mallorca-distillery,Mallorca Distillery,Spain,es-rgseaa,30.014999/IB,"MALLORCA DISTILLERY, SL",self,rgseaa-bulk-name,high,,https://www.aesan.gob.es/registro-sanitario/empresas-alimentarias,"name jaccard 1.00; RGSEAA key 30 bebidas alcoholicas; establishment GREMI SUCRES I CANDELERS, 20, NAU 4, Illes Balears (Illes Balears) (province agrees); list dated 1 Sep 2026; no NIF in the list"
mallorca-distillery,Mallorca Distillery,Spain,es-rgseaa,30.03196/PM,"BODEGAS Y DESTILERIAS DE MALLORCA, S.A.",self,rgseaa-bulk-name,medium,,https://www.aesan.gob.es/registro-sanitario/empresas-alimentarias,"name jaccard 1.00; RGSEAA key 30 bebidas alcoholicas; establishment CMNO CABANA Nave 12 PONT D'INCA, Illes Balears (Illes Balears) (province agrees); list dated 1 Sep 2026; no NIF in the list"
destileria-gin-rives,Destilería Gin Rives,Spain,es-rgseaa,30.01886/CA,RIVES DISTILLERY S.A.,self,rgseaa-bulk-name,medium,,https://www.aesan.gob.es/registro-sanitario/empresas-alimentarias,"name jaccard 1.00; RGSEAA key 30 bebidas alcoholicas; establishment CALLE MOLINO DE PAPEL Nº2 POL.IND. EL PALMAR, Cádiz (Andalucía) (province agrees); list dated 1 Sep 2026; no NIF in the list"
andalusi-destilerias,ANDALUSI DESTILERIAS,Spain,es-rgseaa,30.013740/SE,ANDALUSI BEVERAGES S.L.,self,rgseaa-bulk-name,low,,https://www.aesan.gob.es/registro-sanitario/empresas-alimentarias,"name jaccard 0.50; RGSEAA key 30 bebidas alcoholicas; establishment PARQUE LOGISTICO CARMONA C/ MERCURIO Nº5  MODULO B, Sevilla (Andalucía) (province agrees); list dated 1 Sep 2026; no NIF in the list"
andalusi-destilerias,ANDALUSI DESTILERIAS,Spain,es-rgseaa,30.016485/SE,ANDALUSI BEVERAGES S.L.,self,rgseaa-bulk-name,low,,https://www.aesan.gob.es/registro-sanitario/empresas-alimentarias,"name jaccard 0.50; RGSEAA key 30 bebidas alcoholicas; establishment CARRETERA CARMONA-EL VISO FINCA BRENES, Sevilla (Andalucía) (province agrees); list dated 1 Sep 2026; no NIF in the list"
noara-mediterranean-distillery,Noara Mediterranean Distillery,Spain,es-rgseaa,30.01317/A,"NOARA MEDITERRANEAN DISTILLERY, S.L.",self,rgseaa-bulk-name,high,,https://www.aesan.gob.es/registro-sanitario/empresas-alimentarias,"name jaccard 1.00; RGSEAA key 30 bebidas alcoholicas; establishment CTRA MURCIA-ALICANTE Km. 63, Alicante (Comunidad Valenciana) (province agrees); list dated 1 Sep 2026; no NIF in the list"
la-clandestileria-the-mediterranean-craft-distillery,"La Clandestileria, The Mediterranean Craft Distillery",Spain,es-rgseaa,30.015776/V,"LA CLANDESTILERIA THE MEDITERRANEAN CRAFT DISTILLERY, S.L.",self,rgseaa-bulk-name,high,,https://www.aesan.gob.es/registro-sanitario/empresas-alimentarias,"name jaccard 1.00; RGSEAA key 30 bebidas alcoholicas; establishment C/ CARRIL Num. 11 9, Valencia (Comunidad Valenciana) (province agrees); list dated 1 Sep 2026; no NIF in the list"
distilleries-dyc-beam-spain-s-l,"Distilleries DYC - Beam Spain, S.L.",Spain,es-rgseaa,30.02306/SG,"BEAM SUNTORY SPAIN, S.L.",self,rgseaa-bulk-name,low,,https://www.aesan.gob.es/registro-sanitario/empresas-alimentarias,"name jaccard 0.50; RGSEAA key 30 bebidas alcoholicas; establishment PARAJE MOLINO DEL ARCO S/N, Segovia (Castilla y León) (province agrees); list dated 1 Sep 2026; no NIF in the list"
distilleries-dyc-beam-spain-s-l,"Distilleries DYC - Beam Spain, S.L.",Spain,es-rgseaa,30.04457/SG,"BEAM SUNTORY SPAIN, S.L.",self,rgseaa-bulk-name,low,,https://www.aesan.gob.es/registro-sanitario/empresas-alimentarias,"name jaccard 0.50; RGSEAA key 30 bebidas alcoholicas; establishment CALLE FRESNO 1, Segovia (Castilla y León) (province agrees); list dated 1 Sep 2026; no NIF in the list"
gin-mallorca-destileria-pareis,Gin Mallorca Destileria Pareis,Spain,es-rgseaa,30.014999/IB,"MALLORCA DISTILLERY, SL",self,rgseaa-bulk-name,low,,https://www.aesan.gob.es/registro-sanitario/empresas-alimentarias,"name jaccard 0.50; RGSEAA key 30 bebidas alcoholicas; establishment GREMI SUCRES I CANDELERS, 20, NAU 4, Illes Balears (Illes Balears) (province agrees); list dated 1 Sep 2026; no NIF in the list"
gin-mallorca-destileria-pareis,Gin Mallorca Destileria Pareis,Spain,es-rgseaa,30.03196/PM,"BODEGAS Y DESTILERIAS DE MALLORCA, S.A.",self,rgseaa-bulk-name,low,,https://www.aesan.gob.es/registro-sanitario/empresas-alimentarias,"name jaccard 0.50; RGSEAA key 30 bebidas alcoholicas; establishment CMNO CABANA Nave 12 PONT D'INCA, Illes Balears (Illes Balears) (province agrees); list dated 1 Sep 2026; no NIF in the list"
world-wide-distillers,World Wide Distillers,Spain,es-rgseaa,30.017244/M,"DINSA WORLD WIDE DISTILLERS, S.A.",self,rgseaa-bulk-name,high,,https://www.aesan.gob.es/registro-sanitario/empresas-alimentarias,"name jaccard 0.75; RGSEAA key 30 bebidas alcoholicas; establishment CL. DE HINOJOSA DEL DUQUE Nº 21 P.I. ALBARREJA, Madrid (Comunidad de Madrid) (province agrees); list dated 1 Sep 2026; no NIF in the list"
destilerias-san-valero-s-coop,Destilerias San Valero S. Coop.,Spain,es-rgseaa,30.10598/Z,"BODEGAS SAN VALERO, SOCIEDAD COOPERATIVA",self,rgseaa-bulk-name,medium,,https://www.aesan.gob.es/registro-sanitario/empresas-alimentarias,"name jaccard 1.00; RGSEAA key 30 bebidas alcoholicas; establishment Calle CTRA. A- 220, KM 24, Zaragoza (Aragón); list dated 1 Sep 2026; no NIF in the list"
destilerias-san-valero-s-coop,Destilerias San Valero S. Coop.,Spain,es-rgseaa,30.01223/Z,"BODEGAS SAN VALERO, SOCIEDAD COOPERATIVA",self,rgseaa-bulk-name,medium,,https://www.aesan.gob.es/registro-sanitario/empresas-alimentarias,"name jaccard 1.00; RGSEAA key 30 bebidas alcoholicas; establishment Carretera N-330, KM 450, Zaragoza (Aragón); list dated 1 Sep 2026; no NIF in the list"
destilerias-de-galicia-s-a,Destilerias de Galicia S.A.,Spain,es-rgseaa,30.05073/OR,"DESTILERIAS DE GALICIA, S.A.",self,rgseaa-bulk-name,high,,https://www.aesan.gob.es/registro-sanitario/empresas-alimentarias,"name jaccard 1.00; RGSEAA key 30 bebidas alcoholicas; establishment A POBRA, Nº 43, Ourense (Galicia) (province agrees); list dated 1 Sep 2026; no NIF in the list"
destilerias-de-galicia-s-a,Destilerias de Galicia S.A.,Spain,es-rgseaa,30.012912/OU,ALCOHOLES GALICIA S.L,self,rgseaa-bulk-name,medium,,https://www.aesan.gob.es/registro-sanitario/empresas-alimentarias,"name jaccard 1.00; RGSEAA key 30 bebidas alcoholicas; establishment POLIGONO INDUSTRIAL C/3, NUM. 10, Ourense (Galicia) (province agrees); list dated 1 Sep 2026; no NIF in the list"
agro-grape-distillery-s-l,"Agro Grape Distillery, S.L.",Spain,es-rgseaa,30.015534/TF,"Agro Grape Distillery, SL",self,rgseaa-bulk-name,high,,https://www.aesan.gob.es/registro-sanitario/empresas-alimentarias,"name jaccard 1.00; RGSEAA key 30 bebidas alcoholicas; establishment Vía Espaldón, 5. Dársena Pesquera, Santa Cruz de Tenerife (Canarias) (province agrees); list dated 1 Sep 2026; no NIF in the list"
la-destileria-1888,La Destileria 1888,Spain,es-rgseaa,30.017693/PO,"DESTILERIAS OVALLE 1888, S.L.",self,rgseaa-bulk-name,low,,https://www.aesan.gob.es/registro-sanitario/empresas-alimentarias,"name jaccard 0.50; RGSEAA key 30 bebidas alcoholicas; establishment AVDA. EUROPA, 147, PARQUE EMPRESARIAL NANTES, Pontevedra (Galicia) (province agrees); list dated 1 Sep 2026; no NIF in the list"
